insert into camara values (1);
insert into camara values (2);
insert into camara values (3);
insert into camara values (4);
insert into camara values (5);
insert into camara values (6);
insert into camara values (7);
insert into camara values (8);
insert into camara values (9);
insert into camara values (10);
insert into camara values (11);
insert into camara values (12);
insert into camara values (13);
insert into camara values (14);
insert into camara values (15);
insert into camara values (16);
insert into camara values (17);
insert into camara values (18);
insert into camara values (19);
insert into camara values (20);
insert into camara values (21);
insert into camara values (22);
insert into camara values (23);
insert into camara values (24);
insert into camara values (25);
insert into camara values (26);
insert into camara values (27);
insert into camara values (28);
insert into camara values (29);
insert into camara values (30);
insert into camara values (31);
insert into camara values (32);
insert into camara values (33);
insert into camara values (34);
insert into camara values (35);
insert into camara values (36);
insert into camara values (37);
insert into camara values (38);
insert into camara values (39);
insert into camara values (40);
insert into camara values (41);
insert into camara values (42);
insert into camara values (43);
insert into camara values (44);
insert into camara values (45);
insert into camara values (46);
insert into camara values (47);
insert into camara values (48);
insert into camara values (49);
insert into camara values (50);
insert into camara values (51);
insert into camara values (52);
insert into camara values (53);
insert into camara values (54);
insert into camara values (55);
insert into camara values (56);
insert into camara values (57);
insert into camara values (58);
insert into camara values (59);
insert into camara values (60);
insert into camara values (61);
insert into camara values (62);
insert into camara values (63);
insert into camara values (64);
insert into camara values (65);
insert into camara values (66);
insert into camara values (67);
insert into camara values (68);
insert into camara values (69);
insert into camara values (70);
insert into camara values (71);
insert into camara values (72);
insert into camara values (73);
insert into camara values (74);
insert into camara values (75);
insert into camara values (76);
insert into camara values (77);
insert into camara values (78);
insert into camara values (79);
insert into camara values (80);
insert into camara values (81);
insert into camara values (82);
insert into camara values (83);
insert into camara values (84);
insert into camara values (85);
insert into camara values (86);
insert into camara values (87);
insert into camara values (88);
insert into camara values (89);
insert into camara values (90);
insert into camara values (91);
insert into camara values (92);
insert into camara values (93);
insert into camara values (94);
insert into camara values (95);
insert into camara values (96);
insert into camara values (97);
insert into camara values (98);
insert into camara values (99);
insert into camara values (100);
insert into camara values (101);
insert into camara values (102);
insert into camara values (103);
insert into camara values (104);

  insert into video values ('2018-03-01 10:20:00','2018-03-01 10:40:00',1);
  insert into video values ('2018-03-02 10:20:00','2018-03-02 10:40:00',2);
  insert into video values ('2018-03-03 10:20:00','2018-03-03 10:40:00',3);
  insert into video values ('2018-03-04 10:20:00','2018-03-04 10:40:00',4);
  insert into video values ('2018-03-05 10:20:00','2018-03-05 10:40:00',5);
  insert into video values ('2018-03-06 10:20:00','2018-03-06 10:40:00',6);
  insert into video values ('2018-03-07 10:20:00','2018-03-07 10:40:00',7);
  insert into video values ('2018-03-08 10:20:00','2018-03-08 10:40:00',8);
  insert into video values ('2018-03-09 10:20:00','2018-03-09 10:40:00',9);
  insert into video values ('2018-03-10 10:20:00','2018-03-10 10:40:00',10);
  insert into video values ('2018-03-11 10:20:00','2018-03-11 10:40:00',11);
  insert into video values ('2018-03-12 10:20:00','2018-03-12 10:40:00',12);
  insert into video values ('2018-03-13 10:20:00','2018-03-13 10:40:00',13);
  insert into video values ('2018-03-14 10:20:00','2018-03-14 10:40:00',14);
  insert into video values ('2018-03-15 10:20:00','2018-03-15 10:40:00',15);
  insert into video values ('2018-03-16 10:20:00','2018-03-16 10:40:00',16);
  insert into video values ('2018-03-17 10:20:00','2018-03-17 10:40:00',17);
  insert into video values ('2018-03-18 10:20:00','2018-03-18 10:40:00',18);
  insert into video values ('2018-03-19 10:20:00','2018-03-19 10:40:00',19);
  insert into video values ('2018-03-20 10:20:00','2018-03-20 10:40:00',20);
  insert into video values ('2018-03-21 10:20:00','2018-03-21 10:40:00',21);
  insert into video values ('2018-03-22 10:20:00','2018-03-22 10:40:00',22);
  insert into video values ('2018-03-23 10:20:00','2018-03-23 10:40:00',23);
  insert into video values ('2018-03-24 10:20:00','2018-03-24 10:40:00',24);
  insert into video values ('2018-03-25 10:20:00','2018-03-25 10:40:00',25);
  insert into video values ('2018-03-26 10:20:00','2018-03-26 10:40:00',26);
  insert into video values ('2018-03-27 10:20:00','2018-03-27 10:40:00',27);
  insert into video values ('2018-03-28 10:20:00','2018-03-28 10:40:00',28);
  insert into video values ('2018-03-29 10:20:00','2018-03-29 10:40:00',29);
  insert into video values ('2018-03-30 10:20:00','2018-03-30 10:40:00',30);
  insert into video values ('2018-04-01 10:20:00','2018-04-01 10:40:00',31);
  insert into video values ('2018-04-02 10:20:00','2018-04-02 10:40:00',32);
  insert into video values ('2018-04-03 10:20:00','2018-04-03 10:40:00',33);
  insert into video values ('2018-04-04 10:20:00','2018-04-04 10:40:00',34);
  insert into video values ('2018-04-05 10:20:00','2018-04-05 10:40:00',35);
  insert into video values ('2018-04-06 10:20:00','2018-04-06 10:40:00',36);
  insert into video values ('2018-04-07 10:20:00','2018-04-07 10:40:00',37);
  insert into video values ('2018-04-08 10:20:00','2018-04-08 10:40:00',38);
  insert into video values ('2018-04-09 10:20:00','2018-04-09 10:40:00',39);
  insert into video values ('2018-04-10 10:20:00','2018-04-10 10:40:00',40);
  insert into video values ('2018-04-11 10:20:00','2018-04-11 10:40:00',41);
  insert into video values ('2018-04-12 10:20:00','2018-04-12 10:40:00',42);
  insert into video values ('2018-04-13 10:20:00','2018-04-13 10:40:00',43);
  insert into video values ('2018-04-14 10:20:00','2018-04-14 10:40:00',44);
  insert into video values ('2018-04-15 10:20:00','2018-04-15 10:40:00',45);
  insert into video values ('2018-04-16 10:20:00','2018-04-16 10:40:00',46);
  insert into video values ('2018-04-17 10:20:00','2018-04-17 10:40:00',47);
  insert into video values ('2018-04-18 10:20:00','2018-04-18 10:40:00',48);
  insert into video values ('2018-04-19 10:20:00','2018-04-19 10:40:00',49);
  insert into video values ('2018-04-20 10:20:00','2018-04-20 10:40:00',50);
  insert into video values ('2018-04-21 10:20:00','2018-04-21 10:40:00',51);
  insert into video values ('2018-04-22 10:20:00','2018-04-22 10:40:00',52);
  insert into video values ('2018-04-23 10:20:00','2018-04-23 10:40:00',53);
  insert into video values ('2018-04-24 10:20:00','2018-04-24 10:40:00',54);
  insert into video values ('2018-04-25 10:20:00','2018-04-25 10:40:00',55);
  insert into video values ('2018-04-26 10:20:00','2018-04-26 10:40:00',56);
  insert into video values ('2018-04-27 10:20:00','2018-04-27 10:40:00',57);
  insert into video values ('2018-04-28 10:20:00','2018-04-28 10:40:00',58);
  insert into video values ('2018-04-29 10:20:00','2018-04-29 10:40:00',59);
  insert into video values ('2018-04-30 10:20:00','2018-04-30 10:40:00',60);
  insert into video values ('2018-05-01 10:20:00','2018-05-01 10:40:00',61);
  insert into video values ('2018-05-02 10:20:00','2018-05-02 10:40:00',62);
  insert into video values ('2018-05-03 10:20:00','2018-05-03 10:40:00',63);
  insert into video values ('2018-05-04 10:20:00','2018-05-04 10:40:00',64);
  insert into video values ('2018-05-05 10:20:00','2018-05-05 10:40:00',65);
  insert into video values ('2018-05-06 10:20:00','2018-05-06 10:40:00',66);
  insert into video values ('2018-05-07 10:20:00','2018-05-07 10:40:00',67);
  insert into video values ('2018-05-08 10:20:00','2018-05-08 10:40:00',68);
  insert into video values ('2018-05-09 10:20:00','2018-05-09 10:40:00',69);
  insert into video values ('2018-05-10 10:20:00','2018-05-10 10:40:00',70);
  insert into video values ('2018-05-11 10:20:00','2018-05-11 10:40:00',71);
  insert into video values ('2018-05-12 10:20:00','2018-05-12 10:40:00',72);
  insert into video values ('2018-05-13 10:20:00','2018-05-13 10:40:00',73);
  insert into video values ('2018-05-14 10:20:00','2018-05-14 10:40:00',74);
  insert into video values ('2018-05-15 10:20:00','2018-05-15 10:40:00',75);
  insert into video values ('2018-05-16 10:20:00','2018-05-16 10:40:00',76);
  insert into video values ('2018-05-17 10:20:00','2018-05-17 10:40:00',77);
  insert into video values ('2018-05-18 10:20:00','2018-05-18 10:40:00',78);
  insert into video values ('2018-05-19 10:20:00','2018-05-19 10:40:00',79);
  insert into video values ('2018-05-20 10:20:00','2018-05-20 10:40:00',80);
  insert into video values ('2018-05-21 10:20:00','2018-05-21 10:40:00',81);
  insert into video values ('2018-05-22 10:20:00','2018-05-22 10:40:00',82);
  insert into video values ('2018-05-23 10:20:00','2018-05-23 10:40:00',83);
  insert into video values ('2018-05-24 10:20:00','2018-05-24 10:40:00',84);
  insert into video values ('2018-05-25 10:20:00','2018-05-25 10:40:00',85);
  insert into video values ('2018-05-26 10:20:00','2018-05-26 10:40:00',86);
  insert into video values ('2018-05-27 10:20:00','2018-05-27 10:40:00',87);
  insert into video values ('2018-05-28 10:20:00','2018-05-28 10:40:00',88);
  insert into video values ('2018-05-29 10:20:00','2018-05-29 10:40:00',89);
  insert into video values ('2018-05-30 10:20:00','2018-05-30 10:40:00',90);
  insert into video values ('2018-06-01 10:20:00','2018-06-01 10:40:00',91);
  insert into video values ('2018-06-02 10:20:00','2018-06-02 10:40:00',92);
  insert into video values ('2018-06-03 10:20:00','2018-06-03 10:40:00',93);
  insert into video values ('2018-06-04 10:20:00','2018-06-04 10:40:00',94);
  insert into video values ('2018-06-05 10:20:00','2018-06-05 10:40:00',95);
  insert into video values ('2018-06-06 10:20:00','2018-06-06 10:40:00',96);
  insert into video values ('2018-06-07 10:20:00','2018-06-07 10:40:00',97);
  insert into video values ('2018-06-08 10:20:00','2018-06-08 10:40:00',98);
  insert into video values ('2018-06-09 10:20:00','2018-06-09 10:40:00',99);
  insert into video values ('2018-07-01 10:20:00','2018-07-01 10:40:00',100);
  insert into video values ('2018-08-05 10:20:00','2018-08-05 10:35:00', 101);
  insert into video values ('2018-08-21 10:20:00','2018-08-21 10:55:00', 102);
  insert into video values ('2018-08-26 10:20:00','2018-08-26 10:25:00', 103);
  insert into video values ('2018-08-16 10:20:00','2018-08-16 10:30:00', 104);
  


    insert into segmentodevideo values (1,30,'2018-03-01 10:20:00',1);
    insert into segmentodevideo values (2,30,'2018-03-02 10:20:00',2);
    insert into segmentodevideo values (3,30,'2018-03-03 10:20:00',3);
    insert into segmentodevideo values (4,30,'2018-03-04 10:20:00',4);
    insert into segmentodevideo values (5,30,'2018-03-05 10:20:00',5);
    insert into segmentodevideo values (6,30,'2018-03-06 10:20:00',6);
    insert into segmentodevideo values (7,30,'2018-03-07 10:20:00',7);
    insert into segmentodevideo values (8,30,'2018-03-08 10:20:00',8);
    insert into segmentodevideo values (9,30,'2018-03-09 10:20:00',9);
    insert into segmentodevideo values (10,30,'2018-03-10 10:20:00',10);
    insert into segmentodevideo values (11,30,'2018-03-11 10:20:00',11);
    insert into segmentodevideo values (12,30,'2018-03-12 10:20:00',12);
    insert into segmentodevideo values (13,30,'2018-03-13 10:20:00',13);
    insert into segmentodevideo values (14,30,'2018-03-14 10:20:00',14);
    insert into segmentodevideo values (15,30,'2018-03-15 10:20:00',15);
    insert into segmentodevideo values (16,30,'2018-03-16 10:20:00',16);
    insert into segmentodevideo values (17,30,'2018-03-17 10:20:00',17);
    insert into segmentodevideo values (18,30,'2018-03-18 10:20:00',18);
    insert into segmentodevideo values (19,30,'2018-03-19 10:20:00',19);
    insert into segmentodevideo values (20,30,'2018-03-20 10:20:00',20);
    insert into segmentodevideo values (21,30,'2018-03-21 10:20:00',21);
    insert into segmentodevideo values (22,30,'2018-03-22 10:20:00',22);
    insert into segmentodevideo values (23,30,'2018-03-23 10:20:00',23);
    insert into segmentodevideo values (24,30,'2018-03-24 10:20:00',24);
    insert into segmentodevideo values (25,30,'2018-03-25 10:20:00',25);
    insert into segmentodevideo values (26,30,'2018-03-26 10:20:00',26);
    insert into segmentodevideo values (27,30,'2018-03-27 10:20:00',27);
    insert into segmentodevideo values (28,30,'2018-03-28 10:20:00',28);
    insert into segmentodevideo values (29,30,'2018-03-29 10:20:00',29);
    insert into segmentodevideo values (30,30,'2018-03-30 10:20:00',30);
    insert into segmentodevideo values (31,30,'2018-04-01 10:20:00',31);
    insert into segmentodevideo values (32,30,'2018-04-02 10:20:00',32);
    insert into segmentodevideo values (33,30,'2018-04-03 10:20:00',33);
    insert into segmentodevideo values (34,30,'2018-04-04 10:20:00',34);
    insert into segmentodevideo values (35,30,'2018-04-05 10:20:00',35);
    insert into segmentodevideo values (36,30,'2018-04-06 10:20:00',36);
    insert into segmentodevideo values (37,30,'2018-04-07 10:20:00',37);
    insert into segmentodevideo values (38,30,'2018-04-08 10:20:00',38);
    insert into segmentodevideo values (39,30,'2018-04-09 10:20:00',39);
    insert into segmentodevideo values (40,30,'2018-04-10 10:20:00',40);
    insert into segmentodevideo values (41,30,'2018-04-11 10:20:00',41);
    insert into segmentodevideo values (42,30,'2018-04-12 10:20:00',42);
    insert into segmentodevideo values (43,30,'2018-04-13 10:20:00',43);
    insert into segmentodevideo values (44,30,'2018-04-14 10:20:00',44);
    insert into segmentodevideo values (45,30,'2018-04-15 10:20:00',45);
    insert into segmentodevideo values (46,30,'2018-04-16 10:20:00',46);
    insert into segmentodevideo values (47,30,'2018-04-17 10:20:00',47);
    insert into segmentodevideo values (48,30,'2018-04-18 10:20:00',48);
    insert into segmentodevideo values (49,30,'2018-04-19 10:20:00',49);
    insert into segmentodevideo values (50,30,'2018-04-20 10:20:00',50);
    insert into segmentodevideo values (51,30,'2018-04-21 10:20:00',51);
    insert into segmentodevideo values (52,30,'2018-04-22 10:20:00',52);
    insert into segmentodevideo values (53,30,'2018-04-23 10:20:00',53);
    insert into segmentodevideo values (54,30,'2018-04-24 10:20:00',54);
    insert into segmentodevideo values (55,30,'2018-04-25 10:20:00',55);
    insert into segmentodevideo values (56,30,'2018-04-26 10:20:00',56);
    insert into segmentodevideo values (57,30,'2018-04-27 10:20:00',57);
    insert into segmentodevideo values (58,30,'2018-04-28 10:20:00',58);
    insert into segmentodevideo values (59,30,'2018-04-29 10:20:00',59);
    insert into segmentodevideo values (60,30,'2018-04-30 10:20:00',60);
    insert into segmentodevideo values (61,30,'2018-05-01 10:20:00',61);
    insert into segmentodevideo values (62,30,'2018-05-02 10:20:00',62);
    insert into segmentodevideo values (63,30,'2018-05-03 10:20:00',63);
    insert into segmentodevideo values (64,30,'2018-05-04 10:20:00',64);
    insert into segmentodevideo values (65,30,'2018-05-05 10:20:00',65);
    insert into segmentodevideo values (66,30,'2018-05-06 10:20:00',66);
    insert into segmentodevideo values (67,30,'2018-05-07 10:20:00',67);
    insert into segmentodevideo values (68,30,'2018-05-08 10:20:00',68);
    insert into segmentodevideo values (69,30,'2018-05-09 10:20:00',69);
    insert into segmentodevideo values (70,30,'2018-05-10 10:20:00',70);
    insert into segmentodevideo values (71,30,'2018-05-11 10:20:00',71);
    insert into segmentodevideo values (72,30,'2018-05-12 10:20:00',72);
    insert into segmentodevideo values (73,30,'2018-05-13 10:20:00',73);
    insert into segmentodevideo values (74,30,'2018-05-14 10:20:00',74);
    insert into segmentodevideo values (75,30,'2018-05-15 10:20:00',75);
    insert into segmentodevideo values (76,30,'2018-05-16 10:20:00',76);
    insert into segmentodevideo values (77,30,'2018-05-17 10:20:00',77);
    insert into segmentodevideo values (78,30,'2018-05-18 10:20:00',78);
    insert into segmentodevideo values (79,30,'2018-05-19 10:20:00',79);
    insert into segmentodevideo values (80,30,'2018-05-20 10:20:00',80);
    insert into segmentodevideo values (81,30,'2018-05-21 10:20:00',81);
    insert into segmentodevideo values (82,30,'2018-05-22 10:20:00',82);
    insert into segmentodevideo values (83,30,'2018-05-23 10:20:00',83);
    insert into segmentodevideo values (84,30,'2018-05-24 10:20:00',84);
    insert into segmentodevideo values (85,30,'2018-05-25 10:20:00',85);
    insert into segmentodevideo values (86,30,'2018-05-26 10:20:00',86);
    insert into segmentodevideo values (87,30,'2018-05-27 10:20:00',87);
    insert into segmentodevideo values (88,30,'2018-05-28 10:20:00',88);
    insert into segmentodevideo values (89,30,'2018-05-29 10:20:00',89);
    insert into segmentodevideo values (90,30,'2018-05-30 10:20:00',90);
    insert into segmentodevideo values (91,30,'2018-06-01 10:20:00',91);
    insert into segmentodevideo values (92,30,'2018-06-02 10:20:00',92);
    insert into segmentodevideo values (93,30,'2018-06-03 10:20:00',93);
    insert into segmentodevideo values (94,30,'2018-06-04 10:20:00',94);
    insert into segmentodevideo values (95,30,'2018-06-05 10:20:00',95);
    insert into segmentodevideo values (96,30,'2018-06-06 10:20:00',96);
    insert into segmentodevideo values (97,30,'2018-06-07 10:20:00',97);
    insert into segmentodevideo values (98,30,'2018-06-08 10:20:00',98);
    insert into segmentodevideo values (99,30,'2018-06-09 10:20:00',99);
    insert into segmentodevideo values (100,30,'2018-07-01 10:20:00',100);
	insert into segmentodevideo values (101,70,'2018-08-05 10:20:00', 101);
	insert into segmentodevideo values (102,85,'2018-08-21 10:20:00', 102);
	insert into segmentodevideo values (103,90,'2018-08-26 10:20:00', 103);
	insert into segmentodevideo values (104,65,'2018-08-16 10:20:00', 104);


insert into local values ('Rua 1');
insert into local values ('Rua 2');
insert into local values ('Rua 3');
insert into local values ('Rua 4');
insert into local values ('Rua 5');
insert into local values ('Rua 6');
insert into local values ('Rua 7');
insert into local values ('Rua 8');
insert into local values ('Rua 9');
insert into local values ('Rua 10');
insert into local values ('Rua 11');
insert into local values ('Rua 12');
insert into local values ('Rua 13');
insert into local values ('Rua 14');
insert into local values ('Rua 15');
insert into local values ('Rua 16');
insert into local values ('Rua 17');
insert into local values ('Rua 18');
insert into local values ('Rua 19');
insert into local values ('Rua 20');
insert into local values ('Rua 21');
insert into local values ('Rua 22');
insert into local values ('Rua 23');
insert into local values ('Rua 24');
insert into local values ('Rua 25');
insert into local values ('Rua 26');
insert into local values ('Rua 27');
insert into local values ('Rua 28');
insert into local values ('Rua 29');
insert into local values ('Rua 30');
insert into local values ('Rua 31');
insert into local values ('Rua 32');
insert into local values ('Rua 33');
insert into local values ('Rua 34');
insert into local values ('Rua 35');
insert into local values ('Rua 36');
insert into local values ('Rua 37');
insert into local values ('Rua 38');
insert into local values ('Rua 39');
insert into local values ('Rua 40');
insert into local values ('Rua 41');
insert into local values ('Rua 42');
insert into local values ('Rua 43');
insert into local values ('Rua 44');
insert into local values ('Rua 45');
insert into local values ('Rua 46');
insert into local values ('Rua 47');
insert into local values ('Rua 48');
insert into local values ('Rua 49');
insert into local values ('Rua 50');
insert into local values ('Rua 51');
insert into local values ('Rua 52');
insert into local values ('Rua 53');
insert into local values ('Rua 54');
insert into local values ('Rua 55');
insert into local values ('Rua 56');
insert into local values ('Rua 57');
insert into local values ('Rua 58');
insert into local values ('Rua 59');
insert into local values ('Rua 60');
insert into local values ('Rua 61');
insert into local values ('Rua 62');
insert into local values ('Rua 63');
insert into local values ('Rua 64');
insert into local values ('Rua 65');
insert into local values ('Rua 66');
insert into local values ('Rua 67');
insert into local values ('Rua 68');
insert into local values ('Rua 69');
insert into local values ('Rua 70');
insert into local values ('Rua 71');
insert into local values ('Rua 72');
insert into local values ('Rua 73');
insert into local values ('Rua 74');
insert into local values ('Rua 75');
insert into local values ('Rua 76');
insert into local values ('Rua 77');
insert into local values ('Rua 78');
insert into local values ('Rua 79');
insert into local values ('Rua 80');
insert into local values ('Rua 81');
insert into local values ('Rua 82');
insert into local values ('Rua 83');
insert into local values ('Rua 84');
insert into local values ('Rua 85');
insert into local values ('Rua 86');
insert into local values ('Rua 87');
insert into local values ('Rua 88');
insert into local values ('Rua 89');
insert into local values ('Rua 90');
insert into local values ('Rua 91');
insert into local values ('Rua 92');
insert into local values ('Rua 93');
insert into local values ('Rua 94');
insert into local values ('Rua 95');
insert into local values ('Rua 96');
insert into local values ('Rua 97');
insert into local values ('Rua 98');
insert into local values ('Rua 99');
insert into local values ('Rua 100');
insert into local values('Monchique');
insert into local values('Oliveira do Hospital');

insert into vigia values (1,'Rua 1');
insert into vigia values (2,'Rua 2');
insert into vigia values (3,'Rua 3');
insert into vigia values (4,'Rua 4');
insert into vigia values (5,'Rua 5');
insert into vigia values (6,'Rua 6');
insert into vigia values (7,'Rua 7');
insert into vigia values (8,'Rua 8');
insert into vigia values (9,'Rua 9');
insert into vigia values (10,'Rua 10');
insert into vigia values (11,'Rua 11');
insert into vigia values (12,'Rua 12');
insert into vigia values (13,'Rua 13');
insert into vigia values (14,'Rua 14');
insert into vigia values (15,'Rua 15');
insert into vigia values (16,'Rua 16');
insert into vigia values (17,'Rua 17');
insert into vigia values (18,'Rua 18');
insert into vigia values (19,'Rua 19');
insert into vigia values (20,'Rua 20');
insert into vigia values (21,'Rua 21');
insert into vigia values (22,'Rua 22');
insert into vigia values (23,'Rua 23');
insert into vigia values (24,'Rua 24');
insert into vigia values (25,'Rua 25');
insert into vigia values (26,'Rua 26');
insert into vigia values (27,'Rua 27');
insert into vigia values (28,'Rua 28');
insert into vigia values (29,'Rua 29');
insert into vigia values (30,'Rua 30');
insert into vigia values (31,'Rua 31');
insert into vigia values (32,'Rua 32');
insert into vigia values (33,'Rua 33');
insert into vigia values (34,'Rua 34');
insert into vigia values (35,'Rua 35');
insert into vigia values (36,'Rua 36');
insert into vigia values (37,'Rua 37');
insert into vigia values (38,'Rua 38');
insert into vigia values (39,'Rua 39');
insert into vigia values (40,'Rua 40');
insert into vigia values (41,'Rua 41');
insert into vigia values (42,'Rua 42');
insert into vigia values (43,'Rua 43');
insert into vigia values (44,'Rua 44');
insert into vigia values (45,'Rua 45');
insert into vigia values (46,'Rua 46');
insert into vigia values (47,'Rua 47');
insert into vigia values (48,'Rua 48');
insert into vigia values (49,'Rua 49');
insert into vigia values (50,'Rua 50');
insert into vigia values (51,'Rua 51');
insert into vigia values (52,'Rua 52');
insert into vigia values (53,'Rua 53');
insert into vigia values (54,'Rua 54');
insert into vigia values (55,'Rua 55');
insert into vigia values (56,'Rua 56');
insert into vigia values (57,'Rua 57');
insert into vigia values (58,'Rua 58');
insert into vigia values (59,'Rua 59');
insert into vigia values (60,'Rua 60');
insert into vigia values (61,'Rua 61');
insert into vigia values (62,'Rua 62');
insert into vigia values (63,'Rua 63');
insert into vigia values (64,'Rua 64');
insert into vigia values (65,'Rua 65');
insert into vigia values (66,'Rua 66');
insert into vigia values (67,'Rua 67');
insert into vigia values (68,'Rua 68');
insert into vigia values (69,'Rua 69');
insert into vigia values (70,'Rua 70');
insert into vigia values (71,'Rua 71');
insert into vigia values (72,'Rua 72');
insert into vigia values (73,'Rua 73');
insert into vigia values (74,'Rua 74');
insert into vigia values (75,'Rua 75');
insert into vigia values (76,'Rua 76');
insert into vigia values (77,'Rua 77');
insert into vigia values (78,'Rua 78');
insert into vigia values (79,'Rua 79');
insert into vigia values (80,'Rua 80');
insert into vigia values (81,'Rua 81');
insert into vigia values (82,'Rua 82');
insert into vigia values (83,'Rua 83');
insert into vigia values (84,'Rua 84');
insert into vigia values (85,'Rua 85');
insert into vigia values (86,'Rua 86');
insert into vigia values (87,'Rua 87');
insert into vigia values (88,'Rua 88');
insert into vigia values (89,'Rua 89');
insert into vigia values (90,'Rua 90');
insert into vigia values (91,'Rua 91');
insert into vigia values (92,'Rua 92');
insert into vigia values (93,'Rua 93');
insert into vigia values (94,'Rua 94');
insert into vigia values (95,'Rua 95');
insert into vigia values (96,'Rua 96');
insert into vigia values (97,'Rua 97');
insert into vigia values (98,'Rua 98');
insert into vigia values (99,'Rua 99');
insert into vigia values (100,'Rua 100');
insert into vigia values(101,'Monchique');
insert into vigia values(102,'Monchique');
insert into vigia values(103,'Oliveira do Hospital');
insert into vigia values(104,'Oliveira do Hospital');



insert into processosocorro values (1);
insert into processosocorro values (2);
insert into processosocorro values (3);
insert into processosocorro values (4);
insert into processosocorro values (5);
insert into processosocorro values (6);
insert into processosocorro values (7);
insert into processosocorro values (8);
insert into processosocorro values (9);
insert into processosocorro values (10);
insert into processosocorro values (11);
insert into processosocorro values (12);
insert into processosocorro values (13);
insert into processosocorro values (14);
insert into processosocorro values (15);
insert into processosocorro values (16);
insert into processosocorro values (17);
insert into processosocorro values (18);
insert into processosocorro values (19);
insert into processosocorro values (20);
insert into processosocorro values (21);
insert into processosocorro values (22);
insert into processosocorro values (23);
insert into processosocorro values (24);
insert into processosocorro values (25);
insert into processosocorro values (26);
insert into processosocorro values (27);
insert into processosocorro values (28);
insert into processosocorro values (29);
insert into processosocorro values (30);
insert into processosocorro values (31);
insert into processosocorro values (32);
insert into processosocorro values (33);
insert into processosocorro values (34);
insert into processosocorro values (35);
insert into processosocorro values (36);
insert into processosocorro values (37);
insert into processosocorro values (38);
insert into processosocorro values (39);
insert into processosocorro values (40);
insert into processosocorro values (41);
insert into processosocorro values (42);
insert into processosocorro values (43);
insert into processosocorro values (44);
insert into processosocorro values (45);
insert into processosocorro values (46);
insert into processosocorro values (47);
insert into processosocorro values (48);
insert into processosocorro values (49);
insert into processosocorro values (50);
insert into processosocorro values (51);
insert into processosocorro values (52);
insert into processosocorro values (53);
insert into processosocorro values (54);
insert into processosocorro values (55);
insert into processosocorro values (56);
insert into processosocorro values (57);
insert into processosocorro values (58);
insert into processosocorro values (59);
insert into processosocorro values (60);
insert into processosocorro values (61);
insert into processosocorro values (62);
insert into processosocorro values (63);
insert into processosocorro values (64);
insert into processosocorro values (65);
insert into processosocorro values (66);
insert into processosocorro values (67);
insert into processosocorro values (68);
insert into processosocorro values (69);
insert into processosocorro values (70);
insert into processosocorro values (71);
insert into processosocorro values (72);
insert into processosocorro values (73);
insert into processosocorro values (74);
insert into processosocorro values (75);
insert into processosocorro values (76);
insert into processosocorro values (77);
insert into processosocorro values (78);
insert into processosocorro values (79);
insert into processosocorro values (80);
insert into processosocorro values (81);
insert into processosocorro values (82);
insert into processosocorro values (83);
insert into processosocorro values (84);
insert into processosocorro values (85);
insert into processosocorro values (86);
insert into processosocorro values (87);
insert into processosocorro values (88);
insert into processosocorro values (89);
insert into processosocorro values (90);
insert into processosocorro values (91);
insert into processosocorro values (92);
insert into processosocorro values (93);
insert into processosocorro values (94);
insert into processosocorro values (95);
insert into processosocorro values (96);
insert into processosocorro values (97);
insert into processosocorro values (98);
insert into processosocorro values (99);
insert into processosocorro values (100);
insert into processosocorro values (101);
insert into processosocorro values (102);
insert into processosocorro values (103);
insert into processosocorro values (104);

insert into eventoemergencia values (960000000,'2018-03-01 10:20:00','Pessoa 1','Rua 1',1);
insert into eventoemergencia values (960000011,'2018-03-02 10:20:00','Pessoa 2','Rua 2',2);
insert into eventoemergencia values (960000022,'2018-03-03 10:20:00','Pessoa 3','Rua 3',3);
insert into eventoemergencia values (960000033,'2018-03-04 10:20:00','Pessoa 4','Rua 4',4);
insert into eventoemergencia values (960000044,'2018-03-05 10:20:00','Pessoa 5','Rua 5',5);
insert into eventoemergencia values (960000055,'2018-03-06 10:20:00','Pessoa 6','Rua 6',6);
insert into eventoemergencia values (960000066,'2018-03-07 10:20:00','Pessoa 7','Rua 7',7);
insert into eventoemergencia values (960000077,'2018-03-08 10:20:00','Pessoa 8','Rua 8',8);
insert into eventoemergencia values (960000088,'2018-03-09 10:20:00','Pessoa 9','Rua 9',9);
insert into eventoemergencia values (960000099,'2018-03-10 10:20:00','Pessoa 10','Rua 10',10);
insert into eventoemergencia values (960000110,'2018-03-11 10:20:00','Pessoa 11','Rua 11',11);
insert into eventoemergencia values (960000121,'2018-03-12 10:20:00','Pessoa 12','Rua 12',12);
insert into eventoemergencia values (960000132,'2018-03-13 10:20:00','Pessoa 13','Rua 13',13);
insert into eventoemergencia values (960000143,'2018-03-14 10:20:00','Pessoa 14','Rua 14',14);
insert into eventoemergencia values (960000154,'2018-03-15 10:20:00','Pessoa 15','Rua 15',15);
insert into eventoemergencia values (960000165,'2018-03-16 10:20:00','Pessoa 16','Rua 16',16);
insert into eventoemergencia values (960000176,'2018-03-17 10:20:00','Pessoa 17','Rua 17',17);
insert into eventoemergencia values (960000187,'2018-03-18 10:20:00','Pessoa 18','Rua 18',18);
insert into eventoemergencia values (960000198,'2018-03-19 10:20:00','Pessoa 19','Rua 19',19);
insert into eventoemergencia values (960000209,'2018-03-20 10:20:00','Pessoa 20','Rua 20',20);
insert into eventoemergencia values (960000220,'2018-03-21 10:20:00','Pessoa 21','Rua 21',21);
insert into eventoemergencia values (960000231,'2018-03-22 10:20:00','Pessoa 22','Rua 22',22);
insert into eventoemergencia values (960000242,'2018-03-23 10:20:00','Pessoa 23','Rua 23',23);
insert into eventoemergencia values (960000253,'2018-03-24 10:20:00','Pessoa 24','Rua 24',24);
insert into eventoemergencia values (960000264,'2018-03-25 10:20:00','Pessoa 25','Rua 25',25);
insert into eventoemergencia values (960000275,'2018-03-26 10:20:00','Pessoa 26','Rua 26',26);
insert into eventoemergencia values (960000286,'2018-03-27 10:20:00','Pessoa 27','Rua 27',27);
insert into eventoemergencia values (960000297,'2018-03-28 10:20:00','Pessoa 28','Rua 28',28);
insert into eventoemergencia values (960000308,'2018-03-29 10:20:00','Pessoa 29','Rua 29',29);
insert into eventoemergencia values (960000319,'2018-03-30 10:20:00','Pessoa 30','Rua 30',30);
insert into eventoemergencia values (960000330,'2018-04-01 10:20:00','Pessoa 31','Rua 31',31);
insert into eventoemergencia values (960000341,'2018-04-02 10:20:00','Pessoa 32','Rua 32',32);
insert into eventoemergencia values (960000352,'2018-04-03 10:20:00','Pessoa 33','Rua 33',33);
insert into eventoemergencia values (960000363,'2018-04-04 10:20:00','Pessoa 34','Rua 34',34);
insert into eventoemergencia values (960000374,'2018-04-05 10:20:00','Pessoa 35','Rua 35',35);
insert into eventoemergencia values (960000385,'2018-04-06 10:20:00','Pessoa 36','Rua 36',36);
insert into eventoemergencia values (960000396,'2018-04-07 10:20:00','Pessoa 37','Rua 37',37);
insert into eventoemergencia values (960000407,'2018-04-08 10:20:00','Pessoa 38','Rua 38',38);
insert into eventoemergencia values (960000418,'2018-04-09 10:20:00','Pessoa 39','Rua 39',39);
insert into eventoemergencia values (960000429,'2018-04-10 10:20:00','Pessoa 40','Rua 40',40);
insert into eventoemergencia values (960000440,'2018-04-11 10:20:00','Pessoa 41','Rua 41',41);
insert into eventoemergencia values (960000451,'2018-04-12 10:20:00','Pessoa 42','Rua 42',42);
insert into eventoemergencia values (960000462,'2018-04-13 10:20:00','Pessoa 43','Rua 43',43);
insert into eventoemergencia values (960000473,'2018-04-14 10:20:00','Pessoa 44','Rua 44',44);
insert into eventoemergencia values (960000484,'2018-04-15 10:20:00','Pessoa 45','Rua 45',45);
insert into eventoemergencia values (960000495,'2018-04-16 10:20:00','Pessoa 46','Rua 46',46);
insert into eventoemergencia values (960000506,'2018-04-17 10:20:00','Pessoa 47','Rua 47',47);
insert into eventoemergencia values (960000517,'2018-04-18 10:20:00','Pessoa 48','Rua 48',48);
insert into eventoemergencia values (960000528,'2018-04-19 10:20:00','Pessoa 49','Rua 49',49);
insert into eventoemergencia values (960000539,'2018-04-20 10:20:00','Pessoa 50','Rua 50',50);
insert into eventoemergencia values (960000550,'2018-04-21 10:20:00','Pessoa 51','Rua 51',51);
insert into eventoemergencia values (960000561,'2018-04-22 10:20:00','Pessoa 52','Rua 52',52);
insert into eventoemergencia values (960000572,'2018-04-23 10:20:00','Pessoa 53','Rua 53',53);
insert into eventoemergencia values (960000583,'2018-04-24 10:20:00','Pessoa 54','Rua 54',54);
insert into eventoemergencia values (960000594,'2018-04-25 10:20:00','Pessoa 55','Rua 55',55);
insert into eventoemergencia values (960000605,'2018-04-26 10:20:00','Pessoa 56','Rua 56',56);
insert into eventoemergencia values (960000616,'2018-04-27 10:20:00','Pessoa 57','Rua 57',57);
insert into eventoemergencia values (960000627,'2018-04-28 10:20:00','Pessoa 58','Rua 58',58);
insert into eventoemergencia values (960000638,'2018-04-29 10:20:00','Pessoa 59','Rua 59',59);
insert into eventoemergencia values (960000649,'2018-04-30 10:20:00','Pessoa 60','Rua 60',60);
insert into eventoemergencia values (960000660,'2018-05-01 10:20:00','Pessoa 61','Rua 61',61);
insert into eventoemergencia values (960000671,'2018-05-02 10:20:00','Pessoa 62','Rua 62',62);
insert into eventoemergencia values (960000682,'2018-05-03 10:20:00','Pessoa 63','Rua 63',63);
insert into eventoemergencia values (960000693,'2018-05-04 10:20:00','Pessoa 64','Rua 64',64);
insert into eventoemergencia values (960000704,'2018-05-05 10:20:00','Pessoa 65','Rua 65',65);
insert into eventoemergencia values (960000715,'2018-05-06 10:20:00','Pessoa 66','Rua 66',66);
insert into eventoemergencia values (960000726,'2018-05-07 10:20:00','Pessoa 67','Rua 67',67);
insert into eventoemergencia values (960000737,'2018-05-08 10:20:00','Pessoa 68','Rua 68',68);
insert into eventoemergencia values (960000748,'2018-05-09 10:20:00','Pessoa 69','Rua 69',69);
insert into eventoemergencia values (960000759,'2018-05-10 10:20:00','Pessoa 70','Rua 70',70);
insert into eventoemergencia values (960000770,'2018-05-11 10:20:00','Pessoa 71','Rua 71',71);
insert into eventoemergencia values (960000781,'2018-05-12 10:20:00','Pessoa 72','Rua 72',72);
insert into eventoemergencia values (960000792,'2018-05-13 10:20:00','Pessoa 73','Rua 73',73);
insert into eventoemergencia values (960000803,'2018-05-14 10:20:00','Pessoa 74','Rua 74',74);
insert into eventoemergencia values (960000814,'2018-05-15 10:20:00','Pessoa 75','Rua 75',75);
insert into eventoemergencia values (960000825,'2018-05-16 10:20:00','Pessoa 76','Rua 76',76);
insert into eventoemergencia values (960000836,'2018-05-17 10:20:00','Pessoa 77','Rua 77',77);
insert into eventoemergencia values (960000847,'2018-05-18 10:20:00','Pessoa 78','Rua 78',78);
insert into eventoemergencia values (960000858,'2018-05-19 10:20:00','Pessoa 79','Rua 79',79);
insert into eventoemergencia values (960000869,'2018-05-20 10:20:00','Pessoa 80','Rua 80',80);
insert into eventoemergencia values (960000880,'2018-05-21 10:20:00','Pessoa 81','Rua 81',81);
insert into eventoemergencia values (960000891,'2018-05-22 10:20:00','Pessoa 82','Rua 82',82);
insert into eventoemergencia values (960000902,'2018-05-23 10:20:00','Pessoa 83','Rua 83',83);
insert into eventoemergencia values (960000913,'2018-05-24 10:20:00','Pessoa 84','Rua 84',84);
insert into eventoemergencia values (960000924,'2018-05-25 10:20:00','Pessoa 85','Rua 85',85);
insert into eventoemergencia values (960000935,'2018-05-26 10:20:00','Pessoa 86','Rua 86',86);
insert into eventoemergencia values (960000946,'2018-05-27 10:20:00','Pessoa 87','Rua 87',87);
insert into eventoemergencia values (960000957,'2018-05-28 10:20:00','Pessoa 88','Rua 88',88);
insert into eventoemergencia values (960000968,'2018-05-29 10:20:00','Pessoa 89','Rua 89',89);
insert into eventoemergencia values (960000979,'2018-05-30 10:20:00','Pessoa 90','Rua 90',90);
insert into eventoemergencia values (960000990,'2018-06-01 10:20:00','Pessoa 91','Rua 91',91);
insert into eventoemergencia values (960001001,'2018-06-02 10:20:00','Pessoa 92','Rua 92',92);
insert into eventoemergencia values (960001012,'2018-06-03 10:20:00','Pessoa 93','Rua 93',93);
insert into eventoemergencia values (960001023,'2018-06-04 10:20:00','Pessoa 94','Rua 94',94);
insert into eventoemergencia values (960001034,'2018-06-05 10:20:00','Pessoa 95','Rua 95',95);
insert into eventoemergencia values (960001045,'2018-06-06 10:20:00','Pessoa 96','Rua 96',96);
insert into eventoemergencia values (960001056,'2018-06-07 10:20:00','Pessoa 97','Rua 97',97);
insert into eventoemergencia values (960001067,'2018-06-08 10:20:00','Pessoa 98','Rua 98',98);
insert into eventoemergencia values (960001078,'2018-06-09 10:20:00','Pessoa 99','Rua 99',99);
insert into eventoemergencia values (960001089,'2018-07-01 10:20:00','Pessoa 100','Rua 100',100);
insert into eventoemergencia values (965392932,'2018-08-04 10:20:00','Pessoa 101','Oliveira do Hospital',101);
insert into eventoemergencia values (965397332,'2018-08-28 10:20:00','Pessoa 102','Oliveira do Hospital',102);
insert into eventoemergencia values (965392932,'2018-08-30 10:20:00','Pessoa 103','Oliveira do Hospital',103);
insert into eventoemergencia values (961112932,'2018-08-11 10:20:00','Pessoa 104','Monchique',104);


insert into entidademeio values ('Entidade 1');
insert into entidademeio values ('Entidade 2');
insert into entidademeio values ('Entidade 3');
insert into entidademeio values ('Entidade 4');
insert into entidademeio values ('Entidade 5');
insert into entidademeio values ('Entidade 6');
insert into entidademeio values ('Entidade 7');
insert into entidademeio values ('Entidade 8');
insert into entidademeio values ('Entidade 9');
insert into entidademeio values ('Entidade 10');
insert into entidademeio values ('Entidade 11');
insert into entidademeio values ('Entidade 12');
insert into entidademeio values ('Entidade 13');
insert into entidademeio values ('Entidade 14');
insert into entidademeio values ('Entidade 15');
insert into entidademeio values ('Entidade 16');
insert into entidademeio values ('Entidade 17');
insert into entidademeio values ('Entidade 18');
insert into entidademeio values ('Entidade 19');
insert into entidademeio values ('Entidade 20');
insert into entidademeio values ('Entidade 21');
insert into entidademeio values ('Entidade 22');
insert into entidademeio values ('Entidade 23');
insert into entidademeio values ('Entidade 24');
insert into entidademeio values ('Entidade 25');
insert into entidademeio values ('Entidade 26');
insert into entidademeio values ('Entidade 27');
insert into entidademeio values ('Entidade 28');
insert into entidademeio values ('Entidade 29');
insert into entidademeio values ('Entidade 30');
insert into entidademeio values ('Entidade 31');
insert into entidademeio values ('Entidade 32');
insert into entidademeio values ('Entidade 33');
insert into entidademeio values ('Entidade 34');
insert into entidademeio values ('Entidade 35');
insert into entidademeio values ('Entidade 36');
insert into entidademeio values ('Entidade 37');
insert into entidademeio values ('Entidade 38');
insert into entidademeio values ('Entidade 39');
insert into entidademeio values ('Entidade 40');
insert into entidademeio values ('Entidade 41');
insert into entidademeio values ('Entidade 42');
insert into entidademeio values ('Entidade 43');
insert into entidademeio values ('Entidade 44');
insert into entidademeio values ('Entidade 45');
insert into entidademeio values ('Entidade 46');
insert into entidademeio values ('Entidade 47');
insert into entidademeio values ('Entidade 48');
insert into entidademeio values ('Entidade 49');
insert into entidademeio values ('Entidade 50');
insert into entidademeio values ('Entidade 51');
insert into entidademeio values ('Entidade 52');
insert into entidademeio values ('Entidade 53');
insert into entidademeio values ('Entidade 54');
insert into entidademeio values ('Entidade 55');
insert into entidademeio values ('Entidade 56');
insert into entidademeio values ('Entidade 57');
insert into entidademeio values ('Entidade 58');
insert into entidademeio values ('Entidade 59');
insert into entidademeio values ('Entidade 60');
insert into entidademeio values ('Entidade 61');
insert into entidademeio values ('Entidade 62');
insert into entidademeio values ('Entidade 63');
insert into entidademeio values ('Entidade 64');
insert into entidademeio values ('Entidade 65');
insert into entidademeio values ('Entidade 66');
insert into entidademeio values ('Entidade 67');
insert into entidademeio values ('Entidade 68');
insert into entidademeio values ('Entidade 69');
insert into entidademeio values ('Entidade 70');
insert into entidademeio values ('Entidade 71');
insert into entidademeio values ('Entidade 72');
insert into entidademeio values ('Entidade 73');
insert into entidademeio values ('Entidade 74');
insert into entidademeio values ('Entidade 75');
insert into entidademeio values ('Entidade 76');
insert into entidademeio values ('Entidade 77');
insert into entidademeio values ('Entidade 78');
insert into entidademeio values ('Entidade 79');
insert into entidademeio values ('Entidade 80');
insert into entidademeio values ('Entidade 81');
insert into entidademeio values ('Entidade 82');
insert into entidademeio values ('Entidade 83');
insert into entidademeio values ('Entidade 84');
insert into entidademeio values ('Entidade 85');
insert into entidademeio values ('Entidade 86');
insert into entidademeio values ('Entidade 87');
insert into entidademeio values ('Entidade 88');
insert into entidademeio values ('Entidade 89');
insert into entidademeio values ('Entidade 90');
insert into entidademeio values ('Entidade 91');
insert into entidademeio values ('Entidade 92');
insert into entidademeio values ('Entidade 93');
insert into entidademeio values ('Entidade 94');
insert into entidademeio values ('Entidade 95');
insert into entidademeio values ('Entidade 96');
insert into entidademeio values ('Entidade 97');
insert into entidademeio values ('Entidade 98');
insert into entidademeio values ('Entidade 99');
insert into entidademeio values ('Entidade 100');
insert into entidademeio values ('Entidade 101');
insert into entidademeio values ('Entidade 102');

insert into meio values (1,'Meio 1','Entidade 1');
insert into meio values (2,'Meio 2','Entidade 2');
insert into meio values (3,'Meio 3','Entidade 3');
insert into meio values (4,'Meio 4','Entidade 4');
insert into meio values (5,'Meio 5','Entidade 5');
insert into meio values (6,'Meio 6','Entidade 6');
insert into meio values (7,'Meio 7','Entidade 7');
insert into meio values (8,'Meio 8','Entidade 8');
insert into meio values (9,'Meio 9','Entidade 9');
insert into meio values (10,'Meio 10','Entidade 10');
insert into meio values (11,'Meio 11','Entidade 11');
insert into meio values (12,'Meio 12','Entidade 12');
insert into meio values (13,'Meio 13','Entidade 13');
insert into meio values (14,'Meio 14','Entidade 14');
insert into meio values (15,'Meio 15','Entidade 15');
insert into meio values (16,'Meio 16','Entidade 16');
insert into meio values (17,'Meio 17','Entidade 17');
insert into meio values (18,'Meio 18','Entidade 18');
insert into meio values (19,'Meio 19','Entidade 19');
insert into meio values (20,'Meio 20','Entidade 20');
insert into meio values (21,'Meio 21','Entidade 21');
insert into meio values (22,'Meio 22','Entidade 22');
insert into meio values (23,'Meio 23','Entidade 23');
insert into meio values (24,'Meio 24','Entidade 24');
insert into meio values (25,'Meio 25','Entidade 25');
insert into meio values (26,'Meio 26','Entidade 26');
insert into meio values (27,'Meio 27','Entidade 27');
insert into meio values (28,'Meio 28','Entidade 28');
insert into meio values (29,'Meio 29','Entidade 29');
insert into meio values (30,'Meio 30','Entidade 30');
insert into meio values (31,'Meio 31','Entidade 31');
insert into meio values (32,'Meio 32','Entidade 32');
insert into meio values (33,'Meio 33','Entidade 33');
insert into meio values (34,'Meio 34','Entidade 34');
insert into meio values (35,'Meio 35','Entidade 35');
insert into meio values (36,'Meio 36','Entidade 36');
insert into meio values (37,'Meio 37','Entidade 37');
insert into meio values (38,'Meio 38','Entidade 38');
insert into meio values (39,'Meio 39','Entidade 39');
insert into meio values (40,'Meio 40','Entidade 40');
insert into meio values (41,'Meio 41','Entidade 41');
insert into meio values (42,'Meio 42','Entidade 42');
insert into meio values (43,'Meio 43','Entidade 43');
insert into meio values (44,'Meio 44','Entidade 44');
insert into meio values (45,'Meio 45','Entidade 45');
insert into meio values (46,'Meio 46','Entidade 46');
insert into meio values (47,'Meio 47','Entidade 47');
insert into meio values (48,'Meio 48','Entidade 48');
insert into meio values (49,'Meio 49','Entidade 49');
insert into meio values (50,'Meio 50','Entidade 50');
insert into meio values (51,'Meio 51','Entidade 51');
insert into meio values (52,'Meio 52','Entidade 52');
insert into meio values (53,'Meio 53','Entidade 53');
insert into meio values (54,'Meio 54','Entidade 54');
insert into meio values (55,'Meio 55','Entidade 55');
insert into meio values (56,'Meio 56','Entidade 56');
insert into meio values (57,'Meio 57','Entidade 57');
insert into meio values (58,'Meio 58','Entidade 58');
insert into meio values (59,'Meio 59','Entidade 59');
insert into meio values (60,'Meio 60','Entidade 60');
insert into meio values (61,'Meio 61','Entidade 61');
insert into meio values (62,'Meio 62','Entidade 62');
insert into meio values (63,'Meio 63','Entidade 63');
insert into meio values (64,'Meio 64','Entidade 64');
insert into meio values (65,'Meio 65','Entidade 65');
insert into meio values (66,'Meio 66','Entidade 66');
insert into meio values (67,'Meio 67','Entidade 67');
insert into meio values (68,'Meio 68','Entidade 68');
insert into meio values (69,'Meio 69','Entidade 69');
insert into meio values (70,'Meio 70','Entidade 70');
insert into meio values (71,'Meio 71','Entidade 71');
insert into meio values (72,'Meio 72','Entidade 72');
insert into meio values (73,'Meio 73','Entidade 73');
insert into meio values (74,'Meio 74','Entidade 74');
insert into meio values (75,'Meio 75','Entidade 75');
insert into meio values (76,'Meio 76','Entidade 76');
insert into meio values (77,'Meio 77','Entidade 77');
insert into meio values (78,'Meio 78','Entidade 78');
insert into meio values (79,'Meio 79','Entidade 79');
insert into meio values (80,'Meio 80','Entidade 80');
insert into meio values (81,'Meio 81','Entidade 81');
insert into meio values (82,'Meio 82','Entidade 82');
insert into meio values (83,'Meio 83','Entidade 83');
insert into meio values (84,'Meio 84','Entidade 84');
insert into meio values (85,'Meio 85','Entidade 85');
insert into meio values (86,'Meio 86','Entidade 86');
insert into meio values (87,'Meio 87','Entidade 87');
insert into meio values (88,'Meio 88','Entidade 88');
insert into meio values (89,'Meio 89','Entidade 89');
insert into meio values (90,'Meio 90','Entidade 90');
insert into meio values (91,'Meio 91','Entidade 91');
insert into meio values (92,'Meio 92','Entidade 92');
insert into meio values (93,'Meio 93','Entidade 93');
insert into meio values (94,'Meio 94','Entidade 94');
insert into meio values (95,'Meio 95','Entidade 95');
insert into meio values (96,'Meio 96','Entidade 96');
insert into meio values (97,'Meio 97','Entidade 97');
insert into meio values (98,'Meio 98','Entidade 98');
insert into meio values (99,'Meio 99','Entidade 99');
insert into meio values (100,'Meio 100','Entidade 100');

insert into meio values (101,'Meio 101','Entidade 101');
insert into meio values (102,'Meio 102','Entidade 101');
insert into meio values (103,'Meio 103','Entidade 101');
insert into meio values (104,'Meio 104','Entidade 101');
insert into meio values (105,'Meio 105','Entidade 101');
insert into meio values (106,'Meio 106','Entidade 101');
insert into meio values (107,'Meio 107','Entidade 101');
insert into meio values (108,'Meio 108','Entidade 101');
insert into meio values (109,'Meio 109','Entidade 101');
insert into meio values (110,'Meio 110','Entidade 101');
insert into meio values (111,'Meio 111','Entidade 101');
insert into meio values (112,'Meio 112','Entidade 101');
insert into meio values (113,'Meio 113','Entidade 101');
insert into meio values (114,'Meio 114','Entidade 101');
insert into meio values (115,'Meio 115','Entidade 101');
insert into meio values (116,'Meio 116','Entidade 101');
insert into meio values (117,'Meio 117','Entidade 101');
insert into meio values (118,'Meio 118','Entidade 101');
insert into meio values (119,'Meio 119','Entidade 101');
insert into meio values (120,'Meio 120','Entidade 101');
insert into meio values (121,'Meio 121','Entidade 101');
insert into meio values (122,'Meio 122','Entidade 101');
insert into meio values (123,'Meio 123','Entidade 101');
insert into meio values (124,'Meio 124','Entidade 101');
insert into meio values (125,'Meio 125','Entidade 101');
insert into meio values (126,'Meio 126','Entidade 101');
insert into meio values (127,'Meio 127','Entidade 101');
insert into meio values (128,'Meio 128','Entidade 101');
insert into meio values (129,'Meio 129','Entidade 101');
insert into meio values (130,'Meio 130','Entidade 101');
insert into meio values (131,'Meio 131','Entidade 101');
insert into meio values (132,'Meio 132','Entidade 101');
insert into meio values (133,'Meio 133','Entidade 101');
insert into meio values (134,'Meio 134','Entidade 101');
insert into meio values (135,'Meio 135','Entidade 101');
insert into meio values (136,'Meio 136','Entidade 101');
insert into meio values (137,'Meio 137','Entidade 101');
insert into meio values (138,'Meio 138','Entidade 101');
insert into meio values (139,'Meio 139','Entidade 101');
insert into meio values (140,'Meio 140','Entidade 101');
insert into meio values (141,'Meio 141','Entidade 101');
insert into meio values (142,'Meio 142','Entidade 101');
insert into meio values (143,'Meio 143','Entidade 101');
insert into meio values (144,'Meio 144','Entidade 101');
insert into meio values (145,'Meio 145','Entidade 101');
insert into meio values (146,'Meio 146','Entidade 101');
insert into meio values (147,'Meio 147','Entidade 101');
insert into meio values (148,'Meio 148','Entidade 101');
insert into meio values (149,'Meio 149','Entidade 101');
insert into meio values (150,'Meio 150','Entidade 102');
insert into meio values (151,'Meio 151','Entidade 102');
insert into meio values (152,'Meio 152','Entidade 102');
insert into meio values (153,'Meio 153','Entidade 102');
insert into meio values (154,'Meio 154','Entidade 102');
insert into meio values (155,'Meio 155','Entidade 102');
insert into meio values (156,'Meio 156','Entidade 102');
insert into meio values (157,'Meio 157','Entidade 102');
insert into meio values (158,'Meio 158','Entidade 102');
insert into meio values (159,'Meio 159','Entidade 102');
insert into meio values (160,'Meio 160','Entidade 102');
insert into meio values (161,'Meio 161','Entidade 102');
insert into meio values (162,'Meio 162','Entidade 102');
insert into meio values (163,'Meio 163','Entidade 102');
insert into meio values (164,'Meio 164','Entidade 102');
insert into meio values (165,'Meio 165','Entidade 102');
insert into meio values (166,'Meio 166','Entidade 102');
insert into meio values (167,'Meio 167','Entidade 102');
insert into meio values (168,'Meio 168','Entidade 102');
insert into meio values (169,'Meio 169','Entidade 102');
insert into meio values (170,'Meio 170','Entidade 102');
insert into meio values (171,'Meio 171','Entidade 102');
insert into meio values (172,'Meio 172','Entidade 102');
insert into meio values (173,'Meio 173','Entidade 102');
insert into meio values (174,'Meio 174','Entidade 102');
insert into meio values (175,'Meio 175','Entidade 102');
insert into meio values (176,'Meio 176','Entidade 102');
insert into meio values (177,'Meio 177','Entidade 102');
insert into meio values (178,'Meio 178','Entidade 102');
insert into meio values (179,'Meio 179','Entidade 102');
insert into meio values (180,'Meio 180','Entidade 102');
insert into meio values (181,'Meio 181','Entidade 102');
insert into meio values (182,'Meio 182','Entidade 102');
insert into meio values (183,'Meio 183','Entidade 102');
insert into meio values (184,'Meio 184','Entidade 102');
insert into meio values (185,'Meio 185','Entidade 102');
insert into meio values (186,'Meio 186','Entidade 102');
insert into meio values (187,'Meio 187','Entidade 102');
insert into meio values (188,'Meio 188','Entidade 102');
insert into meio values (189,'Meio 189','Entidade 102');
insert into meio values (190,'Meio 190','Entidade 102');
insert into meio values (191,'Meio 191','Entidade 102');
insert into meio values (192,'Meio 192','Entidade 102');
insert into meio values (193,'Meio 193','Entidade 102');
insert into meio values (194,'Meio 194','Entidade 102');
insert into meio values (195,'Meio 195','Entidade 102');
insert into meio values (196,'Meio 196','Entidade 102');
insert into meio values (197,'Meio 197','Entidade 102');
insert into meio values (198,'Meio 198','Entidade 102');
insert into meio values (199,'Meio 199','Entidade 102');
insert into meio values (200,'Meio 200','Entidade 102');


insert into meioapoio values (1,'Entidade 1');
insert into meioapoio values (2,'Entidade 2');
insert into meioapoio values (3,'Entidade 3');
insert into meioapoio values (4,'Entidade 4');
insert into meioapoio values (5,'Entidade 5');
insert into meioapoio values (6,'Entidade 6');
insert into meioapoio values (7,'Entidade 7');
insert into meioapoio values (8,'Entidade 8');
insert into meioapoio values (9,'Entidade 9');
insert into meioapoio values (10,'Entidade 10');
insert into meioapoio values (11,'Entidade 11');
insert into meioapoio values (12,'Entidade 12');
insert into meioapoio values (13,'Entidade 13');
insert into meioapoio values (14,'Entidade 14');
insert into meioapoio values (15,'Entidade 15');
insert into meioapoio values (16,'Entidade 16');
insert into meioapoio values (17,'Entidade 17');
insert into meioapoio values (18,'Entidade 18');
insert into meioapoio values (19,'Entidade 19');
insert into meioapoio values (20,'Entidade 20');
insert into meioapoio values (21,'Entidade 21');
insert into meioapoio values (22,'Entidade 22');
insert into meioapoio values (23,'Entidade 23');
insert into meioapoio values (24,'Entidade 24');
insert into meioapoio values (25,'Entidade 25');
insert into meioapoio values (26,'Entidade 26');
insert into meioapoio values (27,'Entidade 27');
insert into meioapoio values (28,'Entidade 28');
insert into meioapoio values (29,'Entidade 29');
insert into meioapoio values (30,'Entidade 30');
insert into meioapoio values (31,'Entidade 31');
insert into meioapoio values (32,'Entidade 32');
insert into meioapoio values (33,'Entidade 33');
insert into meioapoio values (34,'Entidade 34');
insert into meioapoio values (35,'Entidade 35');
insert into meioapoio values (36,'Entidade 36');
insert into meioapoio values (37,'Entidade 37');
insert into meioapoio values (38,'Entidade 38');
insert into meioapoio values (39,'Entidade 39');
insert into meioapoio values (40,'Entidade 40');
insert into meioapoio values (41,'Entidade 41');
insert into meioapoio values (42,'Entidade 42');
insert into meioapoio values (43,'Entidade 43');
insert into meioapoio values (44,'Entidade 44');
insert into meioapoio values (45,'Entidade 45');
insert into meioapoio values (46,'Entidade 46');
insert into meioapoio values (47,'Entidade 47');
insert into meioapoio values (48,'Entidade 48');
insert into meioapoio values (49,'Entidade 49');
insert into meioapoio values (50,'Entidade 50');
insert into meioapoio values (51,'Entidade 51');
insert into meioapoio values (52,'Entidade 52');
insert into meioapoio values (53,'Entidade 53');
insert into meioapoio values (54,'Entidade 54');
insert into meioapoio values (55,'Entidade 55');
insert into meioapoio values (56,'Entidade 56');
insert into meioapoio values (57,'Entidade 57');
insert into meioapoio values (58,'Entidade 58');
insert into meioapoio values (59,'Entidade 59');
insert into meioapoio values (60,'Entidade 60');
insert into meioapoio values (61,'Entidade 61');
insert into meioapoio values (62,'Entidade 62');
insert into meioapoio values (63,'Entidade 63');
insert into meioapoio values (64,'Entidade 64');
insert into meioapoio values (65,'Entidade 65');
insert into meioapoio values (66,'Entidade 66');
insert into meioapoio values (67,'Entidade 67');
insert into meioapoio values (68,'Entidade 68');
insert into meioapoio values (69,'Entidade 69');
insert into meioapoio values (70,'Entidade 70');
insert into meioapoio values (71,'Entidade 71');
insert into meioapoio values (72,'Entidade 72');
insert into meioapoio values (73,'Entidade 73');
insert into meioapoio values (74,'Entidade 74');
insert into meioapoio values (75,'Entidade 75');
insert into meioapoio values (76,'Entidade 76');
insert into meioapoio values (77,'Entidade 77');
insert into meioapoio values (78,'Entidade 78');
insert into meioapoio values (79,'Entidade 79');
insert into meioapoio values (80,'Entidade 80');
insert into meioapoio values (81,'Entidade 81');
insert into meioapoio values (82,'Entidade 82');
insert into meioapoio values (83,'Entidade 83');
insert into meioapoio values (84,'Entidade 84');
insert into meioapoio values (85,'Entidade 85');
insert into meioapoio values (86,'Entidade 86');
insert into meioapoio values (87,'Entidade 87');
insert into meioapoio values (88,'Entidade 88');
insert into meioapoio values (89,'Entidade 89');
insert into meioapoio values (90,'Entidade 90');
insert into meioapoio values (91,'Entidade 91');
insert into meioapoio values (92,'Entidade 92');
insert into meioapoio values (93,'Entidade 93');
insert into meioapoio values (94,'Entidade 94');
insert into meioapoio values (95,'Entidade 95');
insert into meioapoio values (96,'Entidade 96');
insert into meioapoio values (97,'Entidade 97');
insert into meioapoio values (98,'Entidade 98');
insert into meioapoio values (99,'Entidade 99');
insert into meioapoio values (100,'Entidade 100');

insert into meiosocorro values (1,'Entidade 1');
insert into meiosocorro values (2,'Entidade 2');
insert into meiosocorro values (3,'Entidade 3');
insert into meiosocorro values (4,'Entidade 4');
insert into meiosocorro values (5,'Entidade 5');
insert into meiosocorro values (6,'Entidade 6');
insert into meiosocorro values (7,'Entidade 7');
insert into meiosocorro values (8,'Entidade 8');
insert into meiosocorro values (9,'Entidade 9');
insert into meiosocorro values (10,'Entidade 10');
insert into meiosocorro values (11,'Entidade 11');
insert into meiosocorro values (12,'Entidade 12');
insert into meiosocorro values (13,'Entidade 13');
insert into meiosocorro values (14,'Entidade 14');
insert into meiosocorro values (15,'Entidade 15');
insert into meiosocorro values (16,'Entidade 16');
insert into meiosocorro values (17,'Entidade 17');
insert into meiosocorro values (18,'Entidade 18');
insert into meiosocorro values (19,'Entidade 19');
insert into meiosocorro values (20,'Entidade 20');
insert into meiosocorro values (21,'Entidade 21');
insert into meiosocorro values (22,'Entidade 22');
insert into meiosocorro values (23,'Entidade 23');
insert into meiosocorro values (24,'Entidade 24');
insert into meiosocorro values (25,'Entidade 25');
insert into meiosocorro values (26,'Entidade 26');
insert into meiosocorro values (27,'Entidade 27');
insert into meiosocorro values (28,'Entidade 28');
insert into meiosocorro values (29,'Entidade 29');
insert into meiosocorro values (30,'Entidade 30');
insert into meiosocorro values (31,'Entidade 31');
insert into meiosocorro values (32,'Entidade 32');
insert into meiosocorro values (33,'Entidade 33');
insert into meiosocorro values (34,'Entidade 34');
insert into meiosocorro values (35,'Entidade 35');
insert into meiosocorro values (36,'Entidade 36');
insert into meiosocorro values (37,'Entidade 37');
insert into meiosocorro values (38,'Entidade 38');
insert into meiosocorro values (39,'Entidade 39');
insert into meiosocorro values (40,'Entidade 40');
insert into meiosocorro values (41,'Entidade 41');
insert into meiosocorro values (42,'Entidade 42');
insert into meiosocorro values (43,'Entidade 43');
insert into meiosocorro values (44,'Entidade 44');
insert into meiosocorro values (45,'Entidade 45');
insert into meiosocorro values (46,'Entidade 46');
insert into meiosocorro values (47,'Entidade 47');
insert into meiosocorro values (48,'Entidade 48');
insert into meiosocorro values (49,'Entidade 49');
insert into meiosocorro values (50,'Entidade 50');
insert into meiosocorro values (51,'Entidade 51');
insert into meiosocorro values (52,'Entidade 52');
insert into meiosocorro values (53,'Entidade 53');
insert into meiosocorro values (54,'Entidade 54');
insert into meiosocorro values (55,'Entidade 55');
insert into meiosocorro values (56,'Entidade 56');
insert into meiosocorro values (57,'Entidade 57');
insert into meiosocorro values (58,'Entidade 58');
insert into meiosocorro values (59,'Entidade 59');
insert into meiosocorro values (60,'Entidade 60');
insert into meiosocorro values (61,'Entidade 61');
insert into meiosocorro values (62,'Entidade 62');
insert into meiosocorro values (63,'Entidade 63');
insert into meiosocorro values (64,'Entidade 64');
insert into meiosocorro values (65,'Entidade 65');
insert into meiosocorro values (66,'Entidade 66');
insert into meiosocorro values (67,'Entidade 67');
insert into meiosocorro values (68,'Entidade 68');
insert into meiosocorro values (69,'Entidade 69');
insert into meiosocorro values (70,'Entidade 70');
insert into meiosocorro values (71,'Entidade 71');
insert into meiosocorro values (72,'Entidade 72');
insert into meiosocorro values (73,'Entidade 73');
insert into meiosocorro values (74,'Entidade 74');
insert into meiosocorro values (75,'Entidade 75');
insert into meiosocorro values (76,'Entidade 76');
insert into meiosocorro values (77,'Entidade 77');
insert into meiosocorro values (78,'Entidade 78');
insert into meiosocorro values (79,'Entidade 79');
insert into meiosocorro values (80,'Entidade 80');
insert into meiosocorro values (81,'Entidade 81');
insert into meiosocorro values (82,'Entidade 82');
insert into meiosocorro values (83,'Entidade 83');
insert into meiosocorro values (84,'Entidade 84');
insert into meiosocorro values (85,'Entidade 85');
insert into meiosocorro values (86,'Entidade 86');
insert into meiosocorro values (87,'Entidade 87');
insert into meiosocorro values (88,'Entidade 88');
insert into meiosocorro values (89,'Entidade 89');
insert into meiosocorro values (90,'Entidade 90');
insert into meiosocorro values (91,'Entidade 91');
insert into meiosocorro values (92,'Entidade 92');
insert into meiosocorro values (93,'Entidade 93');
insert into meiosocorro values (94,'Entidade 94');
insert into meiosocorro values (95,'Entidade 95');
insert into meiosocorro values (96,'Entidade 96');
insert into meiosocorro values (97,'Entidade 97');
insert into meiosocorro values (98,'Entidade 98');
insert into meiosocorro values (99,'Entidade 99');
insert into meiosocorro values (100,'Entidade 100');


insert into meiocombate values (101,'Entidade 101');
insert into meiocombate values (102,'Entidade 101');
insert into meiocombate values (103,'Entidade 101');
insert into meiocombate values (104,'Entidade 101');
insert into meiocombate values (105,'Entidade 101');
insert into meiocombate values (106,'Entidade 101');
insert into meiocombate values (107,'Entidade 101');
insert into meiocombate values (108,'Entidade 101');
insert into meiocombate values (109,'Entidade 101');
insert into meiocombate values (110,'Entidade 101');
insert into meiocombate values (111,'Entidade 101');
insert into meiocombate values (112,'Entidade 101');
insert into meiocombate values (113,'Entidade 101');
insert into meiocombate values (114,'Entidade 101');
insert into meiocombate values (115,'Entidade 101');
insert into meiocombate values (116,'Entidade 101');
insert into meiocombate values (117,'Entidade 101');
insert into meiocombate values (118,'Entidade 101');
insert into meiocombate values (119,'Entidade 101');
insert into meiocombate values (120,'Entidade 101');
insert into meiocombate values (121,'Entidade 101');
insert into meiocombate values (122,'Entidade 101');
insert into meiocombate values (123,'Entidade 101');
insert into meiocombate values (124,'Entidade 101');
insert into meiocombate values (125,'Entidade 101');
insert into meiocombate values (126,'Entidade 101');
insert into meiocombate values (127,'Entidade 101');
insert into meiocombate values (128,'Entidade 101');
insert into meiocombate values (129,'Entidade 101');
insert into meiocombate values (130,'Entidade 101');
insert into meiocombate values (131,'Entidade 101');
insert into meiocombate values (132,'Entidade 101');
insert into meiocombate values (133,'Entidade 101');
insert into meiocombate values (134,'Entidade 101');
insert into meiocombate values (135,'Entidade 101');
insert into meiocombate values (136,'Entidade 101');
insert into meiocombate values (137,'Entidade 101');
insert into meiocombate values (138,'Entidade 101');
insert into meiocombate values (139,'Entidade 101');
insert into meiocombate values (140,'Entidade 101');
insert into meiocombate values (141,'Entidade 101');
insert into meiocombate values (142,'Entidade 101');
insert into meiocombate values (143,'Entidade 101');
insert into meiocombate values (144,'Entidade 101');
insert into meiocombate values (145,'Entidade 101');
insert into meiocombate values (146,'Entidade 101');
insert into meiocombate values (147,'Entidade 101');
insert into meiocombate values (148,'Entidade 101');
insert into meiocombate values (149,'Entidade 101');
insert into meiocombate values (150,'Entidade 102');
insert into meiocombate values (151,'Entidade 102');
insert into meiocombate values (152,'Entidade 102');
insert into meiocombate values (153,'Entidade 102');
insert into meiocombate values (154,'Entidade 102');
insert into meiocombate values (155,'Entidade 102');
insert into meiocombate values (156,'Entidade 102');
insert into meiocombate values (157,'Entidade 102');
insert into meiocombate values (158,'Entidade 102');
insert into meiocombate values (159,'Entidade 102');
insert into meiocombate values (160,'Entidade 102');
insert into meiocombate values (161,'Entidade 102');
insert into meiocombate values (162,'Entidade 102');
insert into meiocombate values (163,'Entidade 102');
insert into meiocombate values (164,'Entidade 102');
insert into meiocombate values (165,'Entidade 102');
insert into meiocombate values (166,'Entidade 102');
insert into meiocombate values (167,'Entidade 102');
insert into meiocombate values (168,'Entidade 102');
insert into meiocombate values (169,'Entidade 102');
insert into meiocombate values (170,'Entidade 102');
insert into meiocombate values (171,'Entidade 102');
insert into meiocombate values (172,'Entidade 102');
insert into meiocombate values (173,'Entidade 102');
insert into meiocombate values (174,'Entidade 102');
insert into meiocombate values (175,'Entidade 102');
insert into meiocombate values (176,'Entidade 102');
insert into meiocombate values (177,'Entidade 102');
insert into meiocombate values (178,'Entidade 102');
insert into meiocombate values (179,'Entidade 102');
insert into meiocombate values (180,'Entidade 102');
insert into meiocombate values (181,'Entidade 102');
insert into meiocombate values (182,'Entidade 102');
insert into meiocombate values (183,'Entidade 102');
insert into meiocombate values (184,'Entidade 102');
insert into meiocombate values (185,'Entidade 102');
insert into meiocombate values (186,'Entidade 102');
insert into meiocombate values (187,'Entidade 102');
insert into meiocombate values (188,'Entidade 102');
insert into meiocombate values (189,'Entidade 102');
insert into meiocombate values (190,'Entidade 102');
insert into meiocombate values (191,'Entidade 102');
insert into meiocombate values (192,'Entidade 102');
insert into meiocombate values (193,'Entidade 102');
insert into meiocombate values (194,'Entidade 102');
insert into meiocombate values (195,'Entidade 102');
insert into meiocombate values (196,'Entidade 102');
insert into meiocombate values (197,'Entidade 102');
insert into meiocombate values (198,'Entidade 102');
insert into meiocombate values (199,'Entidade 102');
insert into meiocombate values (200,'Entidade 102');


insert into transporta values (1,'Entidade 1',5,1);
insert into transporta values (2,'Entidade 2',5,2);
insert into transporta values (3,'Entidade 3',5,3);
insert into transporta values (4,'Entidade 4',5,4);
insert into transporta values (5,'Entidade 5',5,5);
insert into transporta values (6,'Entidade 6',5,6);
insert into transporta values (7,'Entidade 7',5,7);
insert into transporta values (8,'Entidade 8',5,8);
insert into transporta values (9,'Entidade 9',5,9);
insert into transporta values (10,'Entidade 10',5,10);
insert into transporta values (11,'Entidade 11',5,11);
insert into transporta values (12,'Entidade 12',5,12);
insert into transporta values (13,'Entidade 13',5,13);
insert into transporta values (14,'Entidade 14',5,14);
insert into transporta values (15,'Entidade 15',5,15);
insert into transporta values (16,'Entidade 16',5,16);
insert into transporta values (17,'Entidade 17',5,17);
insert into transporta values (18,'Entidade 18',5,18);
insert into transporta values (19,'Entidade 19',5,19);
insert into transporta values (20,'Entidade 20',5,20);
insert into transporta values (21,'Entidade 21',5,21);
insert into transporta values (22,'Entidade 22',5,22);
insert into transporta values (23,'Entidade 23',5,23);
insert into transporta values (24,'Entidade 24',5,24);
insert into transporta values (25,'Entidade 25',5,25);
insert into transporta values (26,'Entidade 26',5,26);
insert into transporta values (27,'Entidade 27',5,27);
insert into transporta values (28,'Entidade 28',5,28);
insert into transporta values (29,'Entidade 29',5,29);
insert into transporta values (30,'Entidade 30',5,30);
insert into transporta values (31,'Entidade 31',5,31);
insert into transporta values (32,'Entidade 32',5,32);
insert into transporta values (33,'Entidade 33',5,33);
insert into transporta values (34,'Entidade 34',5,34);
insert into transporta values (35,'Entidade 35',5,35);
insert into transporta values (36,'Entidade 36',5,36);
insert into transporta values (37,'Entidade 37',5,37);
insert into transporta values (38,'Entidade 38',5,38);
insert into transporta values (39,'Entidade 39',5,39);
insert into transporta values (40,'Entidade 40',5,40);
insert into transporta values (41,'Entidade 41',5,41);
insert into transporta values (42,'Entidade 42',5,42);
insert into transporta values (43,'Entidade 43',5,43);
insert into transporta values (44,'Entidade 44',5,44);
insert into transporta values (45,'Entidade 45',5,45);
insert into transporta values (46,'Entidade 46',5,46);
insert into transporta values (47,'Entidade 47',5,47);
insert into transporta values (48,'Entidade 48',5,48);
insert into transporta values (49,'Entidade 49',5,49);
insert into transporta values (50,'Entidade 50',5,50);
insert into transporta values (51,'Entidade 51',5,51);
insert into transporta values (52,'Entidade 52',5,52);
insert into transporta values (53,'Entidade 53',5,53);
insert into transporta values (54,'Entidade 54',5,54);
insert into transporta values (55,'Entidade 55',5,55);
insert into transporta values (56,'Entidade 56',5,56);
insert into transporta values (57,'Entidade 57',5,57);
insert into transporta values (58,'Entidade 58',5,58);
insert into transporta values (59,'Entidade 59',5,59);
insert into transporta values (60,'Entidade 60',5,60);
insert into transporta values (61,'Entidade 61',5,61);
insert into transporta values (62,'Entidade 62',5,62);
insert into transporta values (63,'Entidade 63',5,63);
insert into transporta values (64,'Entidade 64',5,64);
insert into transporta values (65,'Entidade 65',5,65);
insert into transporta values (66,'Entidade 66',5,66);
insert into transporta values (67,'Entidade 67',5,67);
insert into transporta values (68,'Entidade 68',5,68);
insert into transporta values (69,'Entidade 69',5,69);
insert into transporta values (70,'Entidade 70',5,70);
insert into transporta values (71,'Entidade 71',5,71);
insert into transporta values (72,'Entidade 72',5,72);
insert into transporta values (73,'Entidade 73',5,73);
insert into transporta values (74,'Entidade 74',5,74);
insert into transporta values (75,'Entidade 75',5,75);
insert into transporta values (76,'Entidade 76',5,76);
insert into transporta values (77,'Entidade 77',5,77);
insert into transporta values (78,'Entidade 78',5,78);
insert into transporta values (79,'Entidade 79',5,79);
insert into transporta values (80,'Entidade 80',5,80);
insert into transporta values (81,'Entidade 81',5,81);
insert into transporta values (82,'Entidade 82',5,82);
insert into transporta values (83,'Entidade 83',5,83);
insert into transporta values (84,'Entidade 84',5,84);
insert into transporta values (85,'Entidade 85',5,85);
insert into transporta values (86,'Entidade 86',5,86);
insert into transporta values (87,'Entidade 87',5,87);
insert into transporta values (88,'Entidade 88',5,88);
insert into transporta values (89,'Entidade 89',5,89);
insert into transporta values (90,'Entidade 90',5,90);
insert into transporta values (91,'Entidade 91',5,91);
insert into transporta values (92,'Entidade 92',5,92);
insert into transporta values (93,'Entidade 93',5,93);
insert into transporta values (94,'Entidade 94',5,94);
insert into transporta values (95,'Entidade 95',5,95);
insert into transporta values (96,'Entidade 96',5,96);
insert into transporta values (97,'Entidade 97',5,97);
insert into transporta values (98,'Entidade 98',5,98);
insert into transporta values (99,'Entidade 99',5,99);
insert into transporta values (100,'Entidade 100',5,100);

insert into alocado values (1,'Entidade 1',2,1);
insert into alocado values (2,'Entidade 2',2,2);
insert into alocado values (3,'Entidade 3',2,3);
insert into alocado values (4,'Entidade 4',2,4);
insert into alocado values (5,'Entidade 5',2,5);
insert into alocado values (1,'Entidade 1',1,5);  
insert into alocado values (2,'Entidade 2',1,5);
insert into alocado values (3,'Entidade 3',1,5);
insert into alocado values (4,'Entidade 4',1,5);  
insert into alocado values (6,'Entidade 6',2,6);
insert into alocado values (7,'Entidade 7',2,7);
insert into alocado values (8,'Entidade 8',2,8);
insert into alocado values (9,'Entidade 9',2,9);
insert into alocado values (10,'Entidade 10',2,10);
insert into alocado values (11,'Entidade 11',2,11);
insert into alocado values (12,'Entidade 12',2,12);
insert into alocado values (13,'Entidade 13',2,13);
insert into alocado values (14,'Entidade 14',2,14);
insert into alocado values (15,'Entidade 15',2,15);
insert into alocado values (16,'Entidade 16',2,16);
insert into alocado values (17,'Entidade 17',2,17);
insert into alocado values (18,'Entidade 18',2,18);
insert into alocado values (19,'Entidade 19',2,19);
insert into alocado values (20,'Entidade 20',2,20);
insert into alocado values (21,'Entidade 21',2,21);
insert into alocado values (22,'Entidade 22',2,22);
insert into alocado values (23,'Entidade 23',2,23);
insert into alocado values (24,'Entidade 24',2,24);
insert into alocado values (25,'Entidade 25',2,25);
insert into alocado values (26,'Entidade 26',2,26);
insert into alocado values (27,'Entidade 27',2,27);
insert into alocado values (28,'Entidade 28',2,28);
insert into alocado values (29,'Entidade 29',2,29);
insert into alocado values (30,'Entidade 30',2,30);
insert into alocado values (31,'Entidade 31',2,31);
insert into alocado values (32,'Entidade 32',2,32);
insert into alocado values (33,'Entidade 33',2,33);
insert into alocado values (34,'Entidade 34',2,34);
insert into alocado values (35,'Entidade 35',2,35);
insert into alocado values (36,'Entidade 36',2,36);
insert into alocado values (37,'Entidade 37',2,37);
insert into alocado values (38,'Entidade 38',2,38);
insert into alocado values (39,'Entidade 39',2,39);
insert into alocado values (40,'Entidade 40',2,40);
insert into alocado values (41,'Entidade 41',2,41);
insert into alocado values (42,'Entidade 42',2,42);
insert into alocado values (43,'Entidade 43',2,43);
insert into alocado values (44,'Entidade 44',2,44);
insert into alocado values (45,'Entidade 45',2,45);
insert into alocado values (46,'Entidade 46',2,46);
insert into alocado values (47,'Entidade 47',2,47);
insert into alocado values (48,'Entidade 48',2,48);
insert into alocado values (49,'Entidade 49',2,49);
insert into alocado values (50,'Entidade 50',2,50);
insert into alocado values (51,'Entidade 51',2,51);
insert into alocado values (52,'Entidade 52',2,52);
insert into alocado values (53,'Entidade 53',2,53);
insert into alocado values (54,'Entidade 54',2,54);
insert into alocado values (55,'Entidade 55',2,55);
insert into alocado values (56,'Entidade 56',2,56);
insert into alocado values (57,'Entidade 57',2,57);
insert into alocado values (58,'Entidade 58',2,58);
insert into alocado values (59,'Entidade 59',2,59);
insert into alocado values (60,'Entidade 60',2,60);
insert into alocado values (61,'Entidade 61',2,61);
insert into alocado values (62,'Entidade 62',2,62);
insert into alocado values (63,'Entidade 63',2,63);
insert into alocado values (64,'Entidade 64',2,64);
insert into alocado values (65,'Entidade 65',2,65);
insert into alocado values (66,'Entidade 66',2,66);
insert into alocado values (67,'Entidade 67',2,67);
insert into alocado values (68,'Entidade 68',2,68);
insert into alocado values (69,'Entidade 69',2,69);
insert into alocado values (70,'Entidade 70',2,70);
insert into alocado values (71,'Entidade 71',2,71);
insert into alocado values (72,'Entidade 72',2,72);
insert into alocado values (73,'Entidade 73',2,73);
insert into alocado values (74,'Entidade 74',2,74);
insert into alocado values (75,'Entidade 75',2,75);
insert into alocado values (76,'Entidade 76',2,76);
insert into alocado values (77,'Entidade 77',2,77);
insert into alocado values (78,'Entidade 78',2,78);
insert into alocado values (79,'Entidade 79',2,79);
insert into alocado values (80,'Entidade 80',2,80);
insert into alocado values (81,'Entidade 81',2,81);
insert into alocado values (82,'Entidade 82',2,82);
insert into alocado values (83,'Entidade 83',2,83);
insert into alocado values (84,'Entidade 84',2,84);
insert into alocado values (85,'Entidade 85',2,85);
insert into alocado values (86,'Entidade 86',2,86);
insert into alocado values (87,'Entidade 87',2,87);
insert into alocado values (88,'Entidade 88',2,88);
insert into alocado values (89,'Entidade 89',2,89);
insert into alocado values (90,'Entidade 90',2,90);
insert into alocado values (91,'Entidade 91',2,91);
insert into alocado values (92,'Entidade 92',2,92);
insert into alocado values (93,'Entidade 93',2,93);
insert into alocado values (94,'Entidade 94',2,94);
insert into alocado values (95,'Entidade 95',2,95);
insert into alocado values (96,'Entidade 96',2,96);
insert into alocado values (97,'Entidade 97',2,97);
insert into alocado values (98,'Entidade 98',2,98);
insert into alocado values (99,'Entidade 99',2,99);
insert into alocado values (100,'Entidade 100',2,100);

insert into acciona values (1,'Entidade 1',1); 
insert into acciona values (2,'Entidade 2',2);
insert into acciona values (3,'Entidade 3',3);
insert into acciona values (4,'Entidade 4',4);

insert into acciona values (5,'Entidade 5',5);
insert into acciona values (1,'Entidade 1',5);  
insert into acciona values (2,'Entidade 2',5);
insert into acciona values (3,'Entidade 3',5);
insert into acciona values (4,'Entidade 4',5);  

insert into acciona values (6,'Entidade 6',6);
insert into acciona values (7,'Entidade 7',7);
insert into acciona values (8,'Entidade 8',8);
insert into acciona values (9,'Entidade 9',9);
insert into acciona values (10,'Entidade 10',10);
insert into acciona values (11,'Entidade 11',11);
insert into acciona values (12,'Entidade 12',12);
insert into acciona values (13,'Entidade 13',13);
insert into acciona values (14,'Entidade 14',14);
insert into acciona values (15,'Entidade 15',15);
insert into acciona values (16,'Entidade 16',16);
insert into acciona values (17,'Entidade 17',17);
insert into acciona values (18,'Entidade 18',18);
insert into acciona values (19,'Entidade 19',19);
insert into acciona values (20,'Entidade 20',20);
insert into acciona values (21,'Entidade 21',21);
insert into acciona values (22,'Entidade 22',22);
insert into acciona values (23,'Entidade 23',23);
insert into acciona values (24,'Entidade 24',24);
insert into acciona values (25,'Entidade 25',25);
insert into acciona values (26,'Entidade 26',26);
insert into acciona values (27,'Entidade 27',27);
insert into acciona values (28,'Entidade 28',28);
insert into acciona values (29,'Entidade 29',29);
insert into acciona values (30,'Entidade 30',30);
insert into acciona values (31,'Entidade 31',31);
insert into acciona values (32,'Entidade 32',32);
insert into acciona values (33,'Entidade 33',33);
insert into acciona values (34,'Entidade 34',34);
insert into acciona values (35,'Entidade 35',35);
insert into acciona values (36,'Entidade 36',36);
insert into acciona values (37,'Entidade 37',37);
insert into acciona values (38,'Entidade 38',38);
insert into acciona values (39,'Entidade 39',39);
insert into acciona values (40,'Entidade 40',40);
insert into acciona values (41,'Entidade 41',41);
insert into acciona values (42,'Entidade 42',42);
insert into acciona values (43,'Entidade 43',43);
insert into acciona values (44,'Entidade 44',44);
insert into acciona values (45,'Entidade 45',45);
insert into acciona values (46,'Entidade 46',46);
insert into acciona values (47,'Entidade 47',47);
insert into acciona values (48,'Entidade 48',48);
insert into acciona values (49,'Entidade 49',49);
insert into acciona values (50,'Entidade 50',50);
insert into acciona values (51,'Entidade 51',51);
insert into acciona values (52,'Entidade 52',52);
insert into acciona values (53,'Entidade 53',53);
insert into acciona values (54,'Entidade 54',54);
insert into acciona values (55,'Entidade 55',55);
insert into acciona values (56,'Entidade 56',56);
insert into acciona values (57,'Entidade 57',57);
insert into acciona values (58,'Entidade 58',58);
insert into acciona values (59,'Entidade 59',59);
insert into acciona values (60,'Entidade 60',60);
insert into acciona values (61,'Entidade 61',61);
insert into acciona values (62,'Entidade 62',62);
insert into acciona values (63,'Entidade 63',63);
insert into acciona values (64,'Entidade 64',64);
insert into acciona values (65,'Entidade 65',65);
insert into acciona values (66,'Entidade 66',66);
insert into acciona values (67,'Entidade 67',67);
insert into acciona values (68,'Entidade 68',68);
insert into acciona values (69,'Entidade 69',69);
insert into acciona values (70,'Entidade 70',70);
insert into acciona values (71,'Entidade 71',71);
insert into acciona values (72,'Entidade 72',72);
insert into acciona values (73,'Entidade 73',73);
insert into acciona values (74,'Entidade 74',74);
insert into acciona values (75,'Entidade 75',75);
insert into acciona values (76,'Entidade 76',76);
insert into acciona values (77,'Entidade 77',77);
insert into acciona values (78,'Entidade 78',78);
insert into acciona values (79,'Entidade 79',79);
insert into acciona values (80,'Entidade 80',80);
insert into acciona values (81,'Entidade 81',81);
insert into acciona values (82,'Entidade 82',82);
insert into acciona values (83,'Entidade 83',83);
insert into acciona values (84,'Entidade 84',84);
insert into acciona values (85,'Entidade 85',85);
insert into acciona values (86,'Entidade 86',86);
insert into acciona values (87,'Entidade 87',87);
insert into acciona values (88,'Entidade 88',88);
insert into acciona values (89,'Entidade 89',89);
insert into acciona values (90,'Entidade 90',90);
insert into acciona values (91,'Entidade 91',91);
insert into acciona values (92,'Entidade 92',92);
insert into acciona values (93,'Entidade 93',93);
insert into acciona values (94,'Entidade 94',94);
insert into acciona values (95,'Entidade 95',95);
insert into acciona values (96,'Entidade 96',96);
insert into acciona values (97,'Entidade 97',97);
insert into acciona values (98,'Entidade 98',98);
insert into acciona values (99,'Entidade 99',99);
insert into acciona values (100,'Entidade 100',100);
--meios de combate
insert into acciona values (170,'Entidade 102',101);
insert into acciona values (149,'Entidade 101',102);
insert into acciona values (171,'Entidade 102',103);
insert into acciona values (120,'Entidade 101',104);



insert into coordenador values (1);
insert into coordenador values (2);
insert into coordenador values (3);
insert into coordenador values (4);
insert into coordenador values (5);
insert into coordenador values (6);
insert into coordenador values (7);
insert into coordenador values (8);
insert into coordenador values (9);
insert into coordenador values (10);
insert into coordenador values (11);
insert into coordenador values (12);
insert into coordenador values (13);
insert into coordenador values (14);
insert into coordenador values (15);
insert into coordenador values (16);
insert into coordenador values (17);
insert into coordenador values (18);
insert into coordenador values (19);
insert into coordenador values (20);
insert into coordenador values (21);
insert into coordenador values (22);
insert into coordenador values (23);
insert into coordenador values (24);
insert into coordenador values (25);
insert into coordenador values (26);
insert into coordenador values (27);
insert into coordenador values (28);
insert into coordenador values (29);
insert into coordenador values (30);
insert into coordenador values (31);
insert into coordenador values (32);
insert into coordenador values (33);
insert into coordenador values (34);
insert into coordenador values (35);
insert into coordenador values (36);
insert into coordenador values (37);
insert into coordenador values (38);
insert into coordenador values (39);
insert into coordenador values (40);
insert into coordenador values (41);
insert into coordenador values (42);
insert into coordenador values (43);
insert into coordenador values (44);
insert into coordenador values (45);
insert into coordenador values (46);
insert into coordenador values (47);
insert into coordenador values (48);
insert into coordenador values (49);
insert into coordenador values (50);
insert into coordenador values (51);
insert into coordenador values (52);
insert into coordenador values (53);
insert into coordenador values (54);
insert into coordenador values (55);
insert into coordenador values (56);
insert into coordenador values (57);
insert into coordenador values (58);
insert into coordenador values (59);
insert into coordenador values (60);
insert into coordenador values (61);
insert into coordenador values (62);
insert into coordenador values (63);
insert into coordenador values (64);
insert into coordenador values (65);
insert into coordenador values (66);
insert into coordenador values (67);
insert into coordenador values (68);
insert into coordenador values (69);
insert into coordenador values (70);
insert into coordenador values (71);
insert into coordenador values (72);
insert into coordenador values (73);
insert into coordenador values (74);
insert into coordenador values (75);
insert into coordenador values (76);
insert into coordenador values (77);
insert into coordenador values (78);
insert into coordenador values (79);
insert into coordenador values (80);
insert into coordenador values (81);
insert into coordenador values (82);
insert into coordenador values (83);
insert into coordenador values (84);
insert into coordenador values (85);
insert into coordenador values (86);
insert into coordenador values (87);
insert into coordenador values (88);
insert into coordenador values (89);
insert into coordenador values (90);
insert into coordenador values (91);
insert into coordenador values (92);
insert into coordenador values (93);
insert into coordenador values (94);
insert into coordenador values (95);
insert into coordenador values (96);
insert into coordenador values (97);
insert into coordenador values (98);
insert into coordenador values (99);
insert into coordenador values (100);

  insert into audita values (1,1,'Entidade 1',1,'2018-03-01 10:20:00','2018-03-01 13:20:00','2018-03-01','texto de auditoria');
insert into audita values (2,2,'Entidade 2',2,'2018-03-02 10:20:00','2018-03-02 13:20:00','2018-03-02','texto de auditoria');
insert into audita values (3,3,'Entidade 3',3,'2018-03-03 10:20:00','2018-03-03 13:20:00','2018-03-03','texto de auditoria');
insert into audita values (4,4,'Entidade 4',4,'2018-03-04 10:20:00','2018-03-04 13:20:00','2018-03-04','texto de auditoria');
insert into audita values (5,5,'Entidade 5',5,'2018-03-05 10:20:00','2018-03-05 13:20:00','2018-03-05','texto de auditoria');
insert into audita values (6,6,'Entidade 6',6,'2018-03-06 10:20:00','2018-03-06 13:20:00','2018-03-06','texto de auditoria');
insert into audita values (7,7,'Entidade 7',7,'2018-03-07 10:20:00','2018-03-07 13:20:00','2018-03-07','texto de auditoria');
insert into audita values (8,8,'Entidade 8',8,'2018-03-08 10:20:00','2018-03-08 13:20:00','2018-03-08','texto de auditoria');
insert into audita values (9,9,'Entidade 9',9,'2018-03-09 10:20:00','2018-03-09 13:20:00','2018-03-09','texto de auditoria');
insert into audita values (10,10,'Entidade 10',10,'2018-03-10 10:20:00','2018-03-10 13:20:00','2018-03-10','texto de auditoria');
insert into audita values (11,11,'Entidade 11',11,'2018-03-11 10:20:00','2018-03-11 13:20:00','2018-03-11','texto de auditoria');
insert into audita values (12,12,'Entidade 12',12,'2018-03-12 10:20:00','2018-03-12 13:20:00','2018-03-12','texto de auditoria');
insert into audita values (13,13,'Entidade 13',13,'2018-03-13 10:20:00','2018-03-13 13:20:00','2018-03-13','texto de auditoria');
insert into audita values (14,14,'Entidade 14',14,'2018-03-14 10:20:00','2018-03-14 13:20:00','2018-03-14','texto de auditoria');
insert into audita values (15,15,'Entidade 15',15,'2018-03-15 10:20:00','2018-03-15 13:20:00','2018-03-15','texto de auditoria');
insert into audita values (16,16,'Entidade 16',16,'2018-03-16 10:20:00','2018-03-16 13:20:00','2018-03-16','texto de auditoria');
insert into audita values (17,17,'Entidade 17',17,'2018-03-17 10:20:00','2018-03-17 13:20:00','2018-03-17','texto de auditoria');
insert into audita values (18,18,'Entidade 18',18,'2018-03-18 10:20:00','2018-03-18 13:20:00','2018-03-18','texto de auditoria');
insert into audita values (19,19,'Entidade 19',19,'2018-03-19 10:20:00','2018-03-19 13:20:00','2018-03-19','texto de auditoria');
insert into audita values (20,20,'Entidade 20',20,'2018-03-20 10:20:00','2018-03-20 13:20:00','2018-03-20','texto de auditoria');
insert into audita values (21,21,'Entidade 21',21,'2018-03-21 10:20:00','2018-03-21 13:20:00','2018-03-21','texto de auditoria');
insert into audita values (22,22,'Entidade 22',22,'2018-03-22 10:20:00','2018-03-22 13:20:00','2018-03-22','texto de auditoria');
insert into audita values (23,23,'Entidade 23',23,'2018-03-23 10:20:00','2018-03-23 13:20:00','2018-03-23','texto de auditoria');
insert into audita values (24,24,'Entidade 24',24,'2018-03-24 10:20:00','2018-03-24 13:20:00','2018-03-24','texto de auditoria');
insert into audita values (25,25,'Entidade 25',25,'2018-03-25 10:20:00','2018-03-25 13:20:00','2018-03-25','texto de auditoria');
insert into audita values (26,26,'Entidade 26',26,'2018-03-26 10:20:00','2018-03-26 13:20:00','2018-03-26','texto de auditoria');
insert into audita values (27,27,'Entidade 27',27,'2018-03-27 10:20:00','2018-03-27 13:20:00','2018-03-27','texto de auditoria');
insert into audita values (28,28,'Entidade 28',28,'2018-03-28 10:20:00','2018-03-28 13:20:00','2018-03-28','texto de auditoria');
insert into audita values (29,29,'Entidade 29',29,'2018-03-29 10:20:00','2018-03-29 13:20:00','2018-03-29','texto de auditoria');
insert into audita values (30,30,'Entidade 30',30,'2018-03-30 10:20:00','2018-03-30 13:20:00','2018-03-30','texto de auditoria');
insert into audita values (31,31,'Entidade 31',31,'2018-04-01 10:20:00','2018-04-01 13:20:00','2018-04-01','texto de auditoria');
insert into audita values (32,32,'Entidade 32',32,'2018-04-02 10:20:00','2018-04-02 13:20:00','2018-04-02','texto de auditoria');
insert into audita values (33,33,'Entidade 33',33,'2018-04-03 10:20:00','2018-04-03 13:20:00','2018-04-03','texto de auditoria');
insert into audita values (34,34,'Entidade 34',34,'2018-04-04 10:20:00','2018-04-04 13:20:00','2018-04-04','texto de auditoria');
insert into audita values (35,35,'Entidade 35',35,'2018-04-05 10:20:00','2018-04-05 13:20:00','2018-04-05','texto de auditoria');
insert into audita values (36,36,'Entidade 36',36,'2018-04-06 10:20:00','2018-04-06 13:20:00','2018-04-06','texto de auditoria');
insert into audita values (37,37,'Entidade 37',37,'2018-04-07 10:20:00','2018-04-07 13:20:00','2018-04-07','texto de auditoria');
insert into audita values (38,38,'Entidade 38',38,'2018-04-08 10:20:00','2018-04-08 13:20:00','2018-04-08','texto de auditoria');
insert into audita values (39,39,'Entidade 39',39,'2018-04-09 10:20:00','2018-04-09 13:20:00','2018-04-09','texto de auditoria');
insert into audita values (40,40,'Entidade 40',40,'2018-04-10 10:20:00','2018-04-10 13:20:00','2018-04-10','texto de auditoria');
insert into audita values (41,41,'Entidade 41',41,'2018-04-11 10:20:00','2018-04-11 13:20:00','2018-04-11','texto de auditoria');
insert into audita values (42,42,'Entidade 42',42,'2018-04-12 10:20:00','2018-04-12 13:20:00','2018-04-12','texto de auditoria');
insert into audita values (43,43,'Entidade 43',43,'2018-04-13 10:20:00','2018-04-13 13:20:00','2018-04-13','texto de auditoria');
insert into audita values (44,44,'Entidade 44',44,'2018-04-14 10:20:00','2018-04-14 13:20:00','2018-04-14','texto de auditoria');
insert into audita values (45,45,'Entidade 45',45,'2018-04-15 10:20:00','2018-04-15 13:20:00','2018-04-15','texto de auditoria');
insert into audita values (46,46,'Entidade 46',46,'2018-04-16 10:20:00','2018-04-16 13:20:00','2018-04-16','texto de auditoria');
insert into audita values (47,47,'Entidade 47',47,'2018-04-17 10:20:00','2018-04-17 13:20:00','2018-04-17','texto de auditoria');
insert into audita values (48,48,'Entidade 48',48,'2018-04-18 10:20:00','2018-04-18 13:20:00','2018-04-18','texto de auditoria');
insert into audita values (49,49,'Entidade 49',49,'2018-04-19 10:20:00','2018-04-19 13:20:00','2018-04-19','texto de auditoria');
insert into audita values (50,50,'Entidade 50',50,'2018-04-20 10:20:00','2018-04-20 13:20:00','2018-04-20','texto de auditoria');
insert into audita values (51,51,'Entidade 51',51,'2018-04-21 10:20:00','2018-04-21 13:20:00','2018-04-21','texto de auditoria');
insert into audita values (52,52,'Entidade 52',52,'2018-04-22 10:20:00','2018-04-22 13:20:00','2018-04-22','texto de auditoria');
insert into audita values (53,53,'Entidade 53',53,'2018-04-23 10:20:00','2018-04-23 13:20:00','2018-04-23','texto de auditoria');
insert into audita values (54,54,'Entidade 54',54,'2018-04-24 10:20:00','2018-04-24 13:20:00','2018-04-24','texto de auditoria');
insert into audita values (55,55,'Entidade 55',55,'2018-04-25 10:20:00','2018-04-25 13:20:00','2018-04-25','texto de auditoria');
insert into audita values (56,56,'Entidade 56',56,'2018-04-26 10:20:00','2018-04-26 13:20:00','2018-04-26','texto de auditoria');
insert into audita values (57,57,'Entidade 57',57,'2018-04-27 10:20:00','2018-04-27 13:20:00','2018-04-27','texto de auditoria');
insert into audita values (58,58,'Entidade 58',58,'2018-04-28 10:20:00','2018-04-28 13:20:00','2018-04-28','texto de auditoria');
insert into audita values (59,59,'Entidade 59',59,'2018-04-29 10:20:00','2018-04-29 13:20:00','2018-04-29','texto de auditoria');
insert into audita values (60,60,'Entidade 60',60,'2018-04-30 10:20:00','2018-04-30 13:20:00','2018-04-30','texto de auditoria');
insert into audita values (61,61,'Entidade 61',61,'2018-05-01 10:20:00','2018-05-01 13:20:00','2018-05-01','texto de auditoria');
insert into audita values (62,62,'Entidade 62',62,'2018-05-02 10:20:00','2018-05-02 13:20:00','2018-05-02','texto de auditoria');
insert into audita values (63,63,'Entidade 63',63,'2018-05-03 10:20:00','2018-05-03 13:20:00','2018-05-03','texto de auditoria');
insert into audita values (64,64,'Entidade 64',64,'2018-05-04 10:20:00','2018-05-04 13:20:00','2018-05-04','texto de auditoria');
insert into audita values (65,65,'Entidade 65',65,'2018-05-05 10:20:00','2018-05-05 13:20:00','2018-05-05','texto de auditoria');
insert into audita values (66,66,'Entidade 66',66,'2018-05-06 10:20:00','2018-05-06 13:20:00','2018-05-06','texto de auditoria');
insert into audita values (67,67,'Entidade 67',67,'2018-05-07 10:20:00','2018-05-07 13:20:00','2018-05-07','texto de auditoria');
insert into audita values (68,68,'Entidade 68',68,'2018-05-08 10:20:00','2018-05-08 13:20:00','2018-05-08','texto de auditoria');
insert into audita values (69,69,'Entidade 69',69,'2018-05-09 10:20:00','2018-05-09 13:20:00','2018-05-09','texto de auditoria');
insert into audita values (70,70,'Entidade 70',70,'2018-05-10 10:20:00','2018-05-10 13:20:00','2018-05-10','texto de auditoria');
insert into audita values (71,71,'Entidade 71',71,'2018-05-11 10:20:00','2018-05-11 13:20:00','2018-05-11','texto de auditoria');
insert into audita values (72,72,'Entidade 72',72,'2018-05-12 10:20:00','2018-05-12 13:20:00','2018-05-12','texto de auditoria');
insert into audita values (73,73,'Entidade 73',73,'2018-05-13 10:20:00','2018-05-13 13:20:00','2018-05-13','texto de auditoria');
insert into audita values (74,74,'Entidade 74',74,'2018-05-14 10:20:00','2018-05-14 13:20:00','2018-05-14','texto de auditoria');
insert into audita values (75,75,'Entidade 75',75,'2018-05-15 10:20:00','2018-05-15 13:20:00','2018-05-15','texto de auditoria');
insert into audita values (76,76,'Entidade 76',76,'2018-05-16 10:20:00','2018-05-16 13:20:00','2018-05-16','texto de auditoria');
insert into audita values (77,77,'Entidade 77',77,'2018-05-17 10:20:00','2018-05-17 13:20:00','2018-05-17','texto de auditoria');
insert into audita values (78,78,'Entidade 78',78,'2018-05-18 10:20:00','2018-05-18 13:20:00','2018-05-18','texto de auditoria');
insert into audita values (79,79,'Entidade 79',79,'2018-05-19 10:20:00','2018-05-19 13:20:00','2018-05-19','texto de auditoria');
insert into audita values (80,80,'Entidade 80',80,'2018-05-20 10:20:00','2018-05-20 13:20:00','2018-05-20','texto de auditoria');
insert into audita values (81,81,'Entidade 81',81,'2018-05-21 10:20:00','2018-05-21 13:20:00','2018-05-21','texto de auditoria');
insert into audita values (82,82,'Entidade 82',82,'2018-05-22 10:20:00','2018-05-22 13:20:00','2018-05-22','texto de auditoria');
insert into audita values (83,83,'Entidade 83',83,'2018-05-23 10:20:00','2018-05-23 13:20:00','2018-05-23','texto de auditoria');
insert into audita values (84,84,'Entidade 84',84,'2018-05-24 10:20:00','2018-05-24 13:20:00','2018-05-24','texto de auditoria');
insert into audita values (85,85,'Entidade 85',85,'2018-05-25 10:20:00','2018-05-25 13:20:00','2018-05-25','texto de auditoria');
insert into audita values (86,86,'Entidade 86',86,'2018-05-26 10:20:00','2018-05-26 13:20:00','2018-05-26','texto de auditoria');
insert into audita values (87,87,'Entidade 87',87,'2018-05-27 10:20:00','2018-05-27 13:20:00','2018-05-27','texto de auditoria');
insert into audita values (88,88,'Entidade 88',88,'2018-05-28 10:20:00','2018-05-28 13:20:00','2018-05-28','texto de auditoria');
insert into audita values (89,89,'Entidade 89',89,'2018-05-29 10:20:00','2018-05-29 13:20:00','2018-05-29','texto de auditoria');
insert into audita values (90,90,'Entidade 90',90,'2018-05-30 10:20:00','2018-05-30 13:20:00','2018-05-30','texto de auditoria');
insert into audita values (91,91,'Entidade 91',91,'2018-06-01 10:20:00','2018-06-01 13:20:00','2018-06-01','texto de auditoria');
insert into audita values (92,92,'Entidade 92',92,'2018-06-02 10:20:00','2018-06-02 13:20:00','2018-06-02','texto de auditoria');
insert into audita values (93,93,'Entidade 93',93,'2018-06-03 10:20:00','2018-06-03 13:20:00','2018-06-03','texto de auditoria');
insert into audita values (94,94,'Entidade 94',94,'2018-06-04 10:20:00','2018-06-04 13:20:00','2018-06-04','texto de auditoria');
insert into audita values (95,95,'Entidade 95',95,'2018-06-05 10:20:00','2018-06-05 13:20:00','2018-06-05','texto de auditoria');
insert into audita values (96,96,'Entidade 96',96,'2018-06-06 10:20:00','2018-06-06 13:20:00','2018-06-06','texto de auditoria');
insert into audita values (97,97,'Entidade 97',97,'2018-06-07 10:20:00','2018-06-07 13:20:00','2018-06-07','texto de auditoria');
insert into audita values (98,98,'Entidade 98',98,'2018-06-08 10:20:00','2018-06-08 13:20:00','2018-06-08','texto de auditoria');
insert into audita values (99,99,'Entidade 99',99,'2018-06-09 10:20:00','2018-06-09 13:20:00','2018-06-09','texto de auditoria');
insert into audita values (100,100,'Entidade 100',100,'2018-07-01 10:20:00','2018-07-01 13:20:00','2018-07-01','texto de auditoria');

insert into solicita values (1,'2018-03-01 10:20:00',1,'2018-03-01 13:20:00','2018-03-01 13:45:00');
insert into solicita values (2,'2018-03-02 10:20:00',2,'2018-03-02 13:20:00','2018-03-02 13:45:00');
insert into solicita values (3,'2018-03-03 10:20:00',3,'2018-03-03 13:20:00','2018-03-03 13:45:00');
insert into solicita values (4,'2018-03-04 10:20:00',4,'2018-03-04 13:20:00','2018-03-04 13:45:00');
insert into solicita values (5,'2018-03-05 10:20:00',5,'2018-03-05 13:20:00','2018-03-05 13:45:00');
insert into solicita values (6,'2018-03-06 10:20:00',6,'2018-03-06 13:20:00','2018-03-06 13:45:00');
insert into solicita values (7,'2018-03-07 10:20:00',7,'2018-03-07 13:20:00','2018-03-07 13:45:00');
insert into solicita values (8,'2018-03-08 10:20:00',8,'2018-03-08 13:20:00','2018-03-08 13:45:00');
insert into solicita values (9,'2018-03-09 10:20:00',9,'2018-03-09 13:20:00','2018-03-09 13:45:00');
insert into solicita values (10,'2018-03-10 10:20:00',10,'2018-03-10 13:20:00','2018-03-10 13:45:00');
insert into solicita values (11,'2018-03-11 10:20:00',11,'2018-03-11 13:20:00','2018-03-11 13:45:00');
insert into solicita values (12,'2018-03-12 10:20:00',12,'2018-03-12 13:20:00','2018-03-12 13:45:00');
insert into solicita values (13,'2018-03-13 10:20:00',13,'2018-03-13 13:20:00','2018-03-13 13:45:00');
insert into solicita values (14,'2018-03-14 10:20:00',14,'2018-03-14 13:20:00','2018-03-14 13:45:00');
insert into solicita values (15,'2018-03-15 10:20:00',15,'2018-03-15 13:20:00','2018-03-15 13:45:00');
insert into solicita values (16,'2018-03-16 10:20:00',16,'2018-03-16 13:20:00','2018-03-16 13:45:00');
insert into solicita values (17,'2018-03-17 10:20:00',17,'2018-03-17 13:20:00','2018-03-17 13:45:00');
insert into solicita values (18,'2018-03-18 10:20:00',18,'2018-03-18 13:20:00','2018-03-18 13:45:00');
insert into solicita values (19,'2018-03-19 10:20:00',19,'2018-03-19 13:20:00','2018-03-19 13:45:00');
insert into solicita values (20,'2018-03-20 10:20:00',20,'2018-03-20 13:20:00','2018-03-20 13:45:00');
insert into solicita values (21,'2018-03-21 10:20:00',21,'2018-03-21 13:20:00','2018-03-21 13:45:00');
insert into solicita values (22,'2018-03-22 10:20:00',22,'2018-03-22 13:20:00','2018-03-22 13:45:00');
insert into solicita values (23,'2018-03-23 10:20:00',23,'2018-03-23 13:20:00','2018-03-23 13:45:00');
insert into solicita values (24,'2018-03-24 10:20:00',24,'2018-03-24 13:20:00','2018-03-24 13:45:00');
insert into solicita values (25,'2018-03-25 10:20:00',25,'2018-03-25 13:20:00','2018-03-25 13:45:00');
insert into solicita values (26,'2018-03-26 10:20:00',26,'2018-03-26 13:20:00','2018-03-26 13:45:00');
insert into solicita values (27,'2018-03-27 10:20:00',27,'2018-03-27 13:20:00','2018-03-27 13:45:00');
insert into solicita values (28,'2018-03-28 10:20:00',28,'2018-03-28 13:20:00','2018-03-28 13:45:00');
insert into solicita values (29,'2018-03-29 10:20:00',29,'2018-03-29 13:20:00','2018-03-29 13:45:00');
insert into solicita values (30,'2018-03-30 10:20:00',30,'2018-03-30 13:20:00','2018-03-30 13:45:00');
insert into solicita values (31,'2018-04-01 10:20:00',31,'2018-04-01 13:20:00','2018-04-01 13:45:00');
insert into solicita values (32,'2018-04-02 10:20:00',32,'2018-04-02 13:20:00','2018-04-02 13:45:00');
insert into solicita values (33,'2018-04-03 10:20:00',33,'2018-04-03 13:20:00','2018-04-03 13:45:00');
insert into solicita values (34,'2018-04-04 10:20:00',34,'2018-04-04 13:20:00','2018-04-04 13:45:00');
insert into solicita values (35,'2018-04-05 10:20:00',35,'2018-04-05 13:20:00','2018-04-05 13:45:00');
insert into solicita values (36,'2018-04-06 10:20:00',36,'2018-04-06 13:20:00','2018-04-06 13:45:00');
insert into solicita values (37,'2018-04-07 10:20:00',37,'2018-04-07 13:20:00','2018-04-07 13:45:00');
insert into solicita values (38,'2018-04-08 10:20:00',38,'2018-04-08 13:20:00','2018-04-08 13:45:00');
insert into solicita values (39,'2018-04-09 10:20:00',39,'2018-04-09 13:20:00','2018-04-09 13:45:00');
insert into solicita values (40,'2018-04-10 10:20:00',40,'2018-04-10 13:20:00','2018-04-10 13:45:00');
insert into solicita values (41,'2018-04-11 10:20:00',41,'2018-04-11 13:20:00','2018-04-11 13:45:00');
insert into solicita values (42,'2018-04-12 10:20:00',42,'2018-04-12 13:20:00','2018-04-12 13:45:00');
insert into solicita values (43,'2018-04-13 10:20:00',43,'2018-04-13 13:20:00','2018-04-13 13:45:00');
insert into solicita values (44,'2018-04-14 10:20:00',44,'2018-04-14 13:20:00','2018-04-14 13:45:00');
insert into solicita values (45,'2018-04-15 10:20:00',45,'2018-04-15 13:20:00','2018-04-15 13:45:00');
insert into solicita values (46,'2018-04-16 10:20:00',46,'2018-04-16 13:20:00','2018-04-16 13:45:00');
insert into solicita values (47,'2018-04-17 10:20:00',47,'2018-04-17 13:20:00','2018-04-17 13:45:00');
insert into solicita values (48,'2018-04-18 10:20:00',48,'2018-04-18 13:20:00','2018-04-18 13:45:00');
insert into solicita values (49,'2018-04-19 10:20:00',49,'2018-04-19 13:20:00','2018-04-19 13:45:00');
insert into solicita values (50,'2018-04-20 10:20:00',50,'2018-04-20 13:20:00','2018-04-20 13:45:00');
insert into solicita values (51,'2018-04-21 10:20:00',51,'2018-04-21 13:20:00','2018-04-21 13:45:00');
insert into solicita values (52,'2018-04-22 10:20:00',52,'2018-04-22 13:20:00','2018-04-22 13:45:00');
insert into solicita values (53,'2018-04-23 10:20:00',53,'2018-04-23 13:20:00','2018-04-23 13:45:00');
insert into solicita values (54,'2018-04-24 10:20:00',54,'2018-04-24 13:20:00','2018-04-24 13:45:00');
insert into solicita values (55,'2018-04-25 10:20:00',55,'2018-04-25 13:20:00','2018-04-25 13:45:00');
insert into solicita values (56,'2018-04-26 10:20:00',56,'2018-04-26 13:20:00','2018-04-26 13:45:00');
insert into solicita values (57,'2018-04-27 10:20:00',57,'2018-04-27 13:20:00','2018-04-27 13:45:00');
insert into solicita values (58,'2018-04-28 10:20:00',58,'2018-04-28 13:20:00','2018-04-28 13:45:00');
insert into solicita values (59,'2018-04-29 10:20:00',59,'2018-04-29 13:20:00','2018-04-29 13:45:00');
insert into solicita values (60,'2018-04-30 10:20:00',60,'2018-04-30 13:20:00','2018-04-30 13:45:00');
insert into solicita values (61,'2018-05-01 10:20:00',61,'2018-05-01 13:20:00','2018-05-01 13:45:00');
insert into solicita values (62,'2018-05-02 10:20:00',62,'2018-05-02 13:20:00','2018-05-02 13:45:00');
insert into solicita values (63,'2018-05-03 10:20:00',63,'2018-05-03 13:20:00','2018-05-03 13:45:00');
insert into solicita values (64,'2018-05-04 10:20:00',64,'2018-05-04 13:20:00','2018-05-04 13:45:00');
insert into solicita values (65,'2018-05-05 10:20:00',65,'2018-05-05 13:20:00','2018-05-05 13:45:00');
insert into solicita values (66,'2018-05-06 10:20:00',66,'2018-05-06 13:20:00','2018-05-06 13:45:00');
insert into solicita values (67,'2018-05-07 10:20:00',67,'2018-05-07 13:20:00','2018-05-07 13:45:00');
insert into solicita values (68,'2018-05-08 10:20:00',68,'2018-05-08 13:20:00','2018-05-08 13:45:00');
insert into solicita values (69,'2018-05-09 10:20:00',69,'2018-05-09 13:20:00','2018-05-09 13:45:00');
insert into solicita values (70,'2018-05-10 10:20:00',70,'2018-05-10 13:20:00','2018-05-10 13:45:00');
insert into solicita values (71,'2018-05-11 10:20:00',71,'2018-05-11 13:20:00','2018-05-11 13:45:00');
insert into solicita values (72,'2018-05-12 10:20:00',72,'2018-05-12 13:20:00','2018-05-12 13:45:00');
insert into solicita values (73,'2018-05-13 10:20:00',73,'2018-05-13 13:20:00','2018-05-13 13:45:00');
insert into solicita values (74,'2018-05-14 10:20:00',74,'2018-05-14 13:20:00','2018-05-14 13:45:00');
insert into solicita values (75,'2018-05-15 10:20:00',75,'2018-05-15 13:20:00','2018-05-15 13:45:00');
insert into solicita values (76,'2018-05-16 10:20:00',76,'2018-05-16 13:20:00','2018-05-16 13:45:00');
insert into solicita values (77,'2018-05-17 10:20:00',77,'2018-05-17 13:20:00','2018-05-17 13:45:00');
insert into solicita values (78,'2018-05-18 10:20:00',78,'2018-05-18 13:20:00','2018-05-18 13:45:00');
insert into solicita values (79,'2018-05-19 10:20:00',79,'2018-05-19 13:20:00','2018-05-19 13:45:00');
insert into solicita values (80,'2018-05-20 10:20:00',80,'2018-05-20 13:20:00','2018-05-20 13:45:00');
insert into solicita values (81,'2018-05-21 10:20:00',81,'2018-05-21 13:20:00','2018-05-21 13:45:00');
insert into solicita values (82,'2018-05-22 10:20:00',82,'2018-05-22 13:20:00','2018-05-22 13:45:00');
insert into solicita values (83,'2018-05-23 10:20:00',83,'2018-05-23 13:20:00','2018-05-23 13:45:00');
insert into solicita values (84,'2018-05-24 10:20:00',84,'2018-05-24 13:20:00','2018-05-24 13:45:00');
insert into solicita values (85,'2018-05-25 10:20:00',85,'2018-05-25 13:20:00','2018-05-25 13:45:00');
insert into solicita values (86,'2018-05-26 10:20:00',86,'2018-05-26 13:20:00','2018-05-26 13:45:00');
insert into solicita values (87,'2018-05-27 10:20:00',87,'2018-05-27 13:20:00','2018-05-27 13:45:00');
insert into solicita values (88,'2018-05-28 10:20:00',88,'2018-05-28 13:20:00','2018-05-28 13:45:00');
insert into solicita values (89,'2018-05-29 10:20:00',89,'2018-05-29 13:20:00','2018-05-29 13:45:00');
insert into solicita values (90,'2018-05-30 10:20:00',90,'2018-05-30 13:20:00','2018-05-30 13:45:00');
insert into solicita values (91,'2018-06-01 10:20:00',91,'2018-06-01 13:20:00','2018-06-01 13:45:00');
insert into solicita values (92,'2018-06-02 10:20:00',92,'2018-06-02 13:20:00','2018-06-02 13:45:00');
insert into solicita values (93,'2018-06-03 10:20:00',93,'2018-06-03 13:20:00','2018-06-03 13:45:00');
insert into solicita values (94,'2018-06-04 10:20:00',94,'2018-06-04 13:20:00','2018-06-04 13:45:00');
insert into solicita values (95,'2018-06-05 10:20:00',95,'2018-06-05 13:20:00','2018-06-05 13:45:00');
insert into solicita values (96,'2018-06-06 10:20:00',96,'2018-06-06 13:20:00','2018-06-06 13:45:00');
insert into solicita values (97,'2018-06-07 10:20:00',97,'2018-06-07 13:20:00','2018-06-07 13:45:00');
insert into solicita values (98,'2018-06-08 10:20:00',98,'2018-06-08 13:20:00','2018-06-08 13:45:00');
insert into solicita values (99,'2018-06-09 10:20:00',99,'2018-06-09 13:20:00','2018-06-09 13:45:00');
insert into solicita values (100,'2018-07-01 10:20:00',100,'2018-07-01 13:20:00','2018-07-01 13:45:00');
